"Início dos relatórios","Término dos relatórios","Nome da campanha","Veiculação da campanha",Resultados,"Indicador de resultados",Alcance,Frequência,"Custo por resultados","Orçamento do conjunto de anúncios","Tipo de orçamento do conjunto de anúncios","Valor usado (BRL)",Impressões,"CPM (custo por 1.000 impressões) (BRL)","Cliques no link","CPC (custo por clique no link) (BRL)","CTR (taxa de cliques no link)","Cliques (todos)","CTR (todos)","CPC (todos) (BRL)","Custo por candidatura enviada (BRL)","Apps enviados","Inscrições no app para celular enviadas","Apps do site enviados","Candidaturas enviadas offline","Inscrições na Meta enviadas","Finalizações de compra iniciadas","Finalizações de compra iniciadas no app para celular","Finalizações de compra iniciadas no site","Finalizações de pagamento iniciadas offline","Finalizações da compra iniciadas na Meta","Custo por finalização de compra iniciada (BRL)",Compras,"Compras no app","Compras no site","Compras offline","Compras na Meta","Custo por compra (BRL)"
2026-03-10,2026-03-16,"[C04] ZONA DE ESCALA CBO — Cópia",inactive,,,0,0,,100,Diário,0,0,0,,,,0,0,0,,,,,,,,,,,,,,,,,,
2026-03-10,2026-03-16,"[C04] ZONA DE ESCALA CBO — Cópia — Cópia — Cópia — Cópia",inactive,,,0,0,,15,Diário,0,0,0,,,,0,0,0,,,,,,,,,,,,,,,,,,
2026-03-10,2026-03-16,"F9 - [C02] 02/09 (CBO) 1-1-3 — Cópia",inactive,,,0,0,,100,Diário,0,0,0,,,,0,0,0,,,,,,,,,,,,,,,,,,
2026-03-10,2026-03-16,"[F3] (PTEST) 06/10 ABO",inactive,,,0,0,,"Usando o orçamento do conjunto de anúncios",0,0,0,0,,,,0,0,0,,,,,,,,,,,,,,,,,,
2026-03-10,2026-03-16,"F9 - [C04] 02/10 (CBO) 1-1-3 — Cópia — Cópia",inactive,,,0,0,,140,Diário,0,0,0,,,,0,0,0,,,,,,,,,,,,,,,,,,
2026-03-10,2026-03-16,"F9 - [I8] 09/10 (CBO) 1-1-3",inactive,,,0,0,,50,Diário,0,0,0,,,,0,0,0,,,,,,,,,,,,,,,,,,
2026-03-10,2026-03-16,"F0 - 01 ESCALA DIÁRIA {PB. 01 OPEN} (CBO) 1-1-1",inactive,,,0,0,,100,Diário,0,0,0,,,,0,0,0,,,,,,,,,,,,,,,,,,
2026-03-10,2026-03-16,"[OO] VIDEO VIEW",inactive,,,0,0,,"Usando o orçamento do conjunto de anúncios",0,0,0,0,,,,0,0,0,,,,,,,,,,,,,,,,,,
2026-03-10,2026-03-16,"F2 -  [V04] VSL 02 TESTE PÚBLICO  (CBO) 1-3-3",inactive,,,0,0,,50,Diário,0,0,0,,,,0,0,0,,,,,,,,,,,,,,,,,,
2026-03-10,2026-03-16,"(F3) [V04] ESCALA 1-1-1 |P.02| 05/11 (ABO) = 247/DIA",inactive,,,0,0,,"Usando o orçamento do conjunto de anúncios",0,0,0,0,,,,0,0,0,,,,,,,,,,,,,,,,,,
2026-03-10,2026-03-16,"F3 -  [V20] ESCALA 1-1-1 |22-45 INSTA| VSL2 (ABO) =",inactive,,,0,0,,50,Diário,0,0,0,,,,0,0,0,,,,,,,,,,,,,,,,,,
2026-03-10,2026-03-16,"F3 -  [V29] 25-44 HM - INSTA+FACE (1-1-1) — Cópia",inactive,,,0,0,,250,Diário,0,0,0,,,,0,0,0,,,,,,,,,,,,,,,,,,
2026-03-10,2026-03-16,"F2 -  [V20] H 25-44 (1-1-1)",inactive,,,0,0,,500,Diário,0,0,0,,,,0,0,0,,,,,,,,,,,,,,,,,,
2026-03-10,2026-03-16,"F3 - [V44] TESTE DE PUBLICOS (OPEN) 1-1-1  VSL 2",inactive,,,0,0,,"Usando o orçamento do conjunto de anúncios",0,0,0,0,,,,0,0,0,,,,,,,,,,,,,,,,,,
2026-03-10,2026-03-16,"[13/12/25] [MDA] [F] [AUTO] [VENDAS] [ADV+] [VSL C] [R$ 197,00] [1]",inactive,2,actions:offsite_conversion.fb_pixel_purchase,6474,1.278344,144.17,"Usando o orçamento do conjunto de anúncios",0,288.34,8276,34.840503,82,3.516341,0.990817,121,1.462059,2.382975,,,,,,,9,,9,,,32.037778,2,,2,,,144.17
2026-03-10,2026-03-16,"[13/12/25] [MDA] [Q] [AUTO] [VENDAS] [REMARKETING] [VSL A] [R$ 197,00] [1]",active,6,actions:offsite_conversion.fb_pixel_purchase,6729,2.729975,211.45666667,"Usando o orçamento do conjunto de anúncios",0,1268.74,18370,69.065868,217,5.846728,1.181274,326,1.774633,3.89184,,,,,,,31,,31,,,40.927097,6,,6,,,211.456667
2026-03-10,2026-03-16,"[13/12/25] [MDA] [Q] [AUTO] [VENDAS] [REMARKETING] [VSL C] [R$ 197,00] [1]",active,13,actions:offsite_conversion.fb_pixel_purchase,7686,3.055946,116.93307692,"Usando o orçamento do conjunto de anúncios",0,1520.13,23488,64.719431,269,5.651041,1.145266,413,1.758345,3.680702,,,,,,,49,,49,,,31.023061,13,,13,,,116.933077
2026-03-10,2026-03-16,"[22/12/25] [MDA] [F] [AUTO] [VENDAS] [MIX PÚBLICOS] [VSL C] [R$ 197,00] [4]",inactive,3,actions:offsite_conversion.fb_pixel_purchase,9547,1.1766,61.6,"Usando o orçamento do conjunto de anúncios",0,184.8,11233,16.451527,68,2.717647,0.605359,127,1.130597,1.455118,,,,,,,12,,12,,,15.4,3,,3,,,61.6
2026-03-10,2026-03-16,"[21/02/26] [MDA] [F] [AUTO] [VENDAS] [ADV+] [VSL A] [R$ 197,00] [CBO] [AD188] [6]",inactive,8,actions:offsite_conversion.fb_pixel_purchase,76047,1.322919,232.2,600,Diário,1857.6,100604,18.464475,616,3.015584,0.612302,1063,1.056618,1.747507,,,,,,,78,,78,,,23.815385,8,,8,,,232.2
2026-03-10,2026-03-16,"[24/02/26] [MDA] [F] [AUTO] [VENDAS] [ADV+] [VSL A] [R$ 197,00] [1]",active,26,actions:offsite_conversion.fb_pixel_purchase,49966,2.619361,172.94846154,"Usando o orçamento do conjunto de anúncios",0,4496.66,130879,34.357384,1192,3.772366,0.910765,2317,1.770337,1.940725,,,,,,,141,,141,,,31.891206,26,,26,,,172.948462
2026-03-10,2026-03-16,"[08/03/26] [MDA] [F] [AUTO] [VENDAS] [ADV+] [VSL A] [R$ 197,00] [CBO] [BC] [9]",inactive,,,18,1.055556,,500,Diário,0.94,19,49.473684,,,,0,0,0,,,,,,,,,,,,,,,,,,
2026-03-10,2026-03-16,"[08/03/26] [MDA] [Q] [AUTO] [VENDAS] [REMARKETING] [VSL C] [R$ 197,00] [CBO] [AD182] [6]",inactive,,,596,1.187919,,120,Diário,51.89,708,73.29096,7,7.412857,0.988701,9,1.271186,5.765556,,,,,,,,,,,,,,,,,,
2026-03-10,2026-03-16,"[10/03/26] [MDA] [F] [AUTO] [VENDAS] [ADV+] [VSL A] [R$ 197,00] [CBO] [AD17] [6]",inactive,5,actions:offsite_conversion.fb_pixel_purchase,32033,1.447258,353.198,500,Diário,1765.99,46360,38.092968,479,3.686827,1.033218,975,2.103106,1.811272,,,,,,,60,,60,,,29.433167,5,,5,,,353.198
2026-03-10,2026-03-16,"[12/03/26] [MDA] [F] [AUTO] [VENDAS] [ADV+] [VSL A] [R$ 197,00] [CBO] [ESCALA] [6]",active,11,actions:offsite_conversion.fb_pixel_purchase,34705,1.515949,155.86454545,400,Diário,1714.51,52611,32.588432,523,3.278222,0.994089,1084,2.060406,1.581651,,,,,,,57,,57,,,30.079123,11,,11,,,155.864545
2026-03-10,2026-03-16,"[12/03/26] [MDA] [Q] [AUTO] [VENDAS] [REMARKETING] [VSL C] [R$ 197,00] [CBO] [ESCALA] [6]",active,6,actions:offsite_conversion.fb_pixel_purchase,25675,1.802337,187.755,200,Diário,1126.53,46275,24.344246,332,3.393163,0.71745,502,1.084819,2.244084,,,,,,,33,,33,,,34.137273,6,,6,,,187.755
2026-03-10,2026-03-16,"[C04] ZONA DE ESCALA CBO — Cópia — Cópia — Cópia",inactive,,,0,0,,15,Diário,0,0,0,,,,0,0,0,,,,,,,,,,,,,,,,,,
2026-03-10,2026-03-16,"[C01] ZONA DE FORMAÇÃO (COMPRA) — Cópia",inactive,,,0,0,,25,Diário,0,0,0,,,,0,0,0,,,,,,,,,,,,,,,,,,
2026-03-10,2026-03-16,"[00] ZONA DE ESCALA (ABO)",inactive,,,0,0,,"Usando o orçamento do conjunto de anúncios",0,0,0,0,,,,0,0,0,,,,,,,,,,,,,,,,,,
2026-03-10,2026-03-16,"[00] ZONA DE ESCALA VERTICAL",inactive,,,0,0,,"Usando o orçamento do conjunto de anúncios",0,0,0,0,,,,0,0,0,,,,,,,,,,,,,,,,,,
2026-03-10,2026-03-16,"F3 - [V2,V3,V4] 01/10 (ABO) 1-1-3",inactive,,,0,0,,"Usando o orçamento do conjunto de anúncios",0,0,0,0,,,,0,0,0,,,,,,,,,,,,,,,,,,
2026-03-10,2026-03-16,"F1 - [IMAGE STORIES TEST] 01/10 (ABO) 1-5-1",inactive,,,0,0,,"Usando o orçamento do conjunto de anúncios",0,0,0,0,,,,0,0,0,,,,,,,,,,,,,,,,,,
2026-03-10,2026-03-16,"F4 - VALIDAÇÃO DO PÚBLICO {PB. 01 OPEN} (CBO) 1-3-3",inactive,,,0,0,,50,Diário,0,0,0,,,,0,0,0,,,,,,,,,,,,,,,,,,
2026-03-10,2026-03-16,"F9 - [C04] 03/10 (CBO) 1-1-3",inactive,,,0,0,,85,Diário,0,0,0,,,,0,0,0,,,,,,,,,,,,,,,,,,
2026-03-10,2026-03-16,"F9 - [C04] 02/10 (CBO) 1-1-3 — Cópia — Cópia",inactive,,,0,0,,65,Diário,0,0,0,,,,0,0,0,,,,,,,,,,,,,,,,,,
2026-03-10,2026-03-16,"F9 - [C04] 02/10 (CBO) 1-1-3 — Cópia — Cópia",inactive,,,0,0,,60,Diário,0,0,0,,,,0,0,0,,,,,,,,,,,,,,,,,,
2026-03-10,2026-03-16,"(F3) [V10] ESCALA 1-1-1 |P.01| 05/11 (ABO) = 50/DIA",inactive,,,0,0,,40,Diário,0,0,0,,,,0,0,0,,,,,,,,,,,,,,,,,,
2026-03-10,2026-03-16,"F7 - ESCALA VERTICAL CRIATIVO [PB.02]  (INSTAGRAM HOMEM 25-45)  (CBO) 1-5-1",inactive,,,0,0,,50,Diário,0,0,0,,,,0,0,0,,,,,,,,,,,,,,,,,,
2026-03-10,2026-03-16,"F7 - 02 ESCALA VERTICAL CRIATIVO (CBO) 1-3-1",inactive,,,0,0,,300,Diário,0,0,0,,,,0,0,0,,,,,,,,,,,,,,,,,,
2026-03-10,2026-03-16,"F0 - 04 ESCALA DIÁRIA {PB. 01 OPEN} (CBO) 1-1-1",inactive,,,0,0,,250,Diário,0,0,0,,,,0,0,0,,,,,,,,,,,,,,,,,,
2026-03-10,2026-03-16,"F0 - 03 ESCALA DIÁRIA {PB. 01 OPEN} (CBO) 1-1-1",inactive,,,0,0,,100,Diário,0,0,0,,,,0,0,0,,,,,,,,,,,,,,,,,,
2026-03-10,2026-03-16,"F0 - 06 ESCALA DIÁRIA 33-44 {PB. 01 OPEN} (CBO) 1-1-1",inactive,,,0,0,,100,Diário,0,0,0,,,,0,0,0,,,,,,,,,,,,,,,,,,
2026-03-10,2026-03-16,"F6 - [V04] 01 ESCALA VERTICAL PÚBLICO (CBO) 1-3-1",inactive,,,0,0,,40,Diário,0,0,0,,,,0,0,0,,,,,,,,,,,,,,,,,,
2026-03-10,2026-03-16,"F0 -  [V04] (VLS A/B) 1-1-1",inactive,,,0,0,,60,Diário,0,0,0,,,,0,0,0,,,,,,,,,,,,,,,,,,
2026-03-10,2026-03-16,"F2 -  [V04] VSL 02 TESTE PÚBLICO  (CBO) 1-3-3 — Cópia — Cópia",inactive,,,0,0,,6,Diário,0,0,0,,,,0,0,0,,,,,,,,,,,,,,,,,,
2026-03-10,2026-03-16,"F2 -  [V04] VSL 02 TESTE PÚBLICO  (CBO) 1-3-3 — Cópia — Cópia — Cópia — Cópia — Cópia",inactive,,,0,0,,6,Diário,0,0,0,,,,0,0,0,,,,,,,,,,,,,,,,,,
2026-03-10,2026-03-16,"F3 -  [V10] ESCALA 1-1-1 |22-45 INSTA| VSL2 (ABO) = 50/DIA — Cópia — Cópia",inactive,,,0,0,,"Usando o orçamento do conjunto de anúncios",0,0,0,0,,,,0,0,0,,,,,,,,,,,,,,,,,,
2026-03-10,2026-03-16,"F3 -  [V04] ESCALA 1-1-1 |22-45 INSTA| VSL2 (ABO) = 50/DIA — Cópia",inactive,,,0,0,,"Usando o orçamento do conjunto de anúncios",0,0,0,0,,,,0,0,0,,,,,,,,,,,,,,,,,,
2026-03-10,2026-03-16,"F3 -  [V38] H 22 - 45 - INSTA (1-1-1)",inactive,,,0,0,,50,Diário,0,0,0,,,,0,0,0,,,,,,,,,,,,,,,,,,
2026-03-10,2026-03-16,"F3 -  OPEN 22-45 HM - INSTA (1-1-X)",inactive,,,0,0,,150,Diário,0,0,0,,,,0,0,0,,,,,,,,,,,,,,,,,,
2026-03-10,2026-03-16,"F3 -  [V20] ESCALA 1-1-1 |24-44INSTA| VSL2 ESCALA 1 — Cópia",inactive,,,0,0,,150,Diário,0,0,0,,,,0,0,0,,,,,,,,,,,,,,,,,,
2026-03-10,2026-03-16,"F1 - [V16] VSL 1 - TESTE CRIATIVO — Cópia",inactive,,,0,0,,"Usando o orçamento do conjunto de anúncios",0,0,0,0,,,,0,0,0,,,,,,,,,,,,,,,,,,
2026-03-10,2026-03-16,"F2.02 -  [V04] VSL 02 TESTE PÚBLICO  (CBO) 1-3-3 — Cópia",inactive,,,0,0,,100,Diário,0,0,0,,,,0,0,0,,,,,,,,,,,,,,,,,,
2026-03-10,2026-03-16,"F3 -  [V04] ESCALA 1-1-1 |22-45 INSTA| VSL2 (ABO) = — Cópia — Cópia",inactive,,,0,0,,50,Diário,0,0,0,,,,0,0,0,,,,,,,,,,,,,,,,,,
2026-03-10,2026-03-16,"F3 -  [V20] ESCALA 1-1-1 |22-45 INSTA| VSL2 (ABO) = — Cópia",inactive,,,0,0,,100,Diário,0,0,0,,,,0,0,0,,,,,,,,,,,,,,,,,,
2026-03-10,2026-03-16,"F3 -  [V23] LAL 1%",inactive,,,0,0,,100,Diário,0,0,0,,,,0,0,0,,,,,,,,,,,,,,,,,,
2026-03-10,2026-03-16,"F3 -  [V38] - LAL 1% (1-1-1)",inactive,,,0,0,,50,Diário,0,0,0,,,,0,0,0,,,,,,,,,,,,,,,,,,
2026-03-10,2026-03-16,"F3 -  [V20] H 22 - 45 - INSTA+ FACE (1-1-1)",inactive,,,0,0,,50,Diário,0,0,0,,,,0,0,0,,,,,,,,,,,,,,,,,,
2026-03-10,2026-03-16,"F3 -  [V29] 25-44 HM - INSTA+FACE (1-1-1)",inactive,,,0,0,,250,Diário,0,0,0,,,,0,0,0,,,,,,,,,,,,,,,,,,
2026-03-10,2026-03-16,"F3 -  [V29] 25-44 HM - INSTA+FACE (1-1-1) — Cópia",inactive,,,0,0,,250,Diário,0,0,0,,,,0,0,0,,,,,,,,,,,,,,,,,,
2026-03-10,2026-03-16,"F3 -  [V29] 25-44 HM - INSTA+FACE (1-1-1) — Cópia",inactive,,,0,0,,150,Diário,0,0,0,,,,0,0,0,,,,,,,,,,,,,,,,,,
2026-03-10,2026-03-16,"F3 -  [V29] 25-44 HM - INSTA+FACE (1-1-1) — Cópia",inactive,,,0,0,,250,Diário,0,0,0,,,,0,0,0,,,,,,,,,,,,,,,,,,
2026-03-10,2026-03-16,"F1 - CREATIVE TEST (1-1-X)",inactive,,,0,0,,"Usando o orçamento do conjunto de anúncios",0,0,0,0,,,,0,0,0,,,,,,,,,,,,,,,,,,
2026-03-10,2026-03-16,"F2 -  [V20] H 25-44 (1-3-1)",inactive,,,0,0,,500,Diário,0,0,0,,,,0,0,0,,,,,,,,,,,,,,,,,,
2026-03-10,2026-03-16,"F3 - LAL 2% - 3% (1-1-1)",inactive,,,0,0,,100,Diário,0,0,0,,,,0,0,0,,,,,,,,,,,,,,,,,,
2026-03-10,2026-03-16,"F3 -  [V20] ESCALA 1-1-1 |22-45 INSTA| VSL2 (ABO) = — Cópia",inactive,,,0,0,,150,Diário,0,0,0,,,,0,0,0,,,,,,,,,,,,,,,,,,
2026-03-10,2026-03-16,"F0-  [V35] TESTE DE PUBLICO 1-3-1 (ABO)",inactive,,,0,0,,"Usando o orçamento do conjunto de anúncios",0,0,0,0,,,,0,0,0,,,,,,,,,,,,,,,,,,
2026-03-10,2026-03-16,"F3 -  [V20] ESCALA 1-1-1 |22-45 INSTA ALL|",inactive,,,0,0,,157,Diário,0,0,0,,,,0,0,0,,,,,,,,,,,,,,,,,,
2026-03-10,2026-03-16,"F3 -  [V20] ESCALA 1-1-1 |22-45 INSTA ALL| 2",inactive,,,0,0,,172,Diário,0,0,0,,,,0,0,0,,,,,,,,,,,,,,,,,,
2026-03-10,2026-03-16,"F3 -  [V20] ESCALA 1-1-1 |22-45 INSTA STOR|",inactive,,,0,0,,335,Diário,0,0,0,,,,0,0,0,,,,,,,,,,,,,,,,,,
2026-03-10,2026-03-16,"F2 -  [V35 +V34] TESTE DE PUBLICO 1-2-1 (CBO)",inactive,,,0,0,,200,Diário,0,0,0,,,,0,0,0,,,,,,,,,,,,,,,,,,
2026-03-10,2026-03-16,"F1 - [VX ] ESTEIRA DE CRIATIVOS (01) 1-X-1 | OPEN | VSL 2 | ABO",inactive,,,0,0,,"Usando o orçamento do conjunto de anúncios",0,0,0,0,,,,0,0,0,,,,,,,,,,,,,,,,,,
2026-03-10,2026-03-16,"F2 - [V38] TESTE DE PUBLICOS (OPEN) 1-1-1  VSL 2 — Cópia",inactive,,,0,0,,"Usando o orçamento do conjunto de anúncios",0,0,0,0,,,,0,0,0,,,,,,,,,,,,,,,,,,
2026-03-10,2026-03-16,"FX- 1-1-X [IMAGE] (ADVANCED+) Campanha",inactive,,,0,0,,"Usando o orçamento do conjunto de anúncios",0,0,0,0,,,,0,0,0,,,,,,,,,,,,,,,,,,
2026-03-10,2026-03-16,"VTEST - TICKET 247 - PITCH10 MIN Campanha",inactive,,,0,0,,"Usando o orçamento do conjunto de anúncios",0,0,0,0,,,,0,0,0,,,,,,,,,,,,,,,,,,
2026-03-10,2026-03-16,"H3 (SEGMT. 01) | V22",inactive,,,0,0,,50,Diário,0,0,0,,,,0,0,0,,,,,,,,,,,,,,,,,,
2026-03-10,2026-03-16,"[C04] ZONA DE ESCALA CBO — Cópia — Cópia — Cópia — Cópia — Cópia",inactive,,,0,0,,15,Diário,0,0,0,,,,0,0,0,,,,,,,,,,,,,,,,,,
2026-03-10,2026-03-16,"[00] BIBLIOTECA DE CRIATIVOS",inactive,,,0,0,,"Usando o orçamento do conjunto de anúncios",0,0,0,0,,,,0,0,0,,,,,,,,,,,,,,,,,,
2026-03-10,2026-03-16,"[F4] 1 (C04) 06/10 CBO 1-1-3= $96",inactive,,,0,0,,50,Diário,0,0,0,,,,0,0,0,,,,,,,,,,,,,,,,,,
2026-03-10,2026-03-16,"F1 - [NEW CRIATIVOS ] INSTA 20 - 45 11/10 (ABO) 1-5-1",inactive,,,0,0,,"Usando o orçamento do conjunto de anúncios",0,0,0,0,,,,0,0,0,,,,,,,,,,,,,,,,,,
2026-03-10,2026-03-16,"F3 -  LAL 1% (1-1-X)",inactive,,,0,0,,100,Diário,0,0,0,,,,0,0,0,,,,,,,,,,,,,,,,,,
2026-03-10,2026-03-16,"F3 -  [V02 - V09] Advantage+  Campanha",inactive,,,0,0,,"Usando o orçamento do conjunto de anúncios",0,0,0,0,,,,0,0,0,,,,,,,,,,,,,,,,,,
2026-03-10,2026-03-16,"F3 -  [V30- V39] Advantage+ Campanha",inactive,,,0,0,,"Usando o orçamento do conjunto de anúncios",0,0,0,0,,,,0,0,0,,,,,,,,,,,,,,,,,,
2026-03-10,2026-03-16,"[F2] - CLONES - V95_T197 >>>",inactive,,,0,0,,150,Diário,0,0,0,,,,0,0,0,,,,,,,,,,,,,,,,,,
2026-03-10,2026-03-16,"[F2] - CLONES - V55_T197",inactive,,,0,0,,150,Diário,0,0,0,,,,0,0,0,,,,,,,,,,,,,,,,,,
2026-03-10,2026-03-16,"[F2] - CLONES - V49_T197",inactive,,,0,0,,200,Diário,0,0,0,,,,0,0,0,,,,,,,,,,,,,,,,,,
2026-03-10,2026-03-16,"[07/08/25] [MDA] [F] [AUTO] [VENDAS] [F1] [1] [ESCALA H] [AD87]",inactive,,,0,0,,350,Diário,0,0,0,,,,0,0,0,,,,,,,,,,,,,,,,,,
2026-03-10,2026-03-16,"[26/09/25] [MDA] [F] [AUTO] [VENDAS] [F3] [2] [TESTE DE CRIATIVOS] [VSL B]",inactive,,,0,0,,"Usando o orçamento do conjunto de anúncios",0,0,0,0,,,,0,0,0,,,,,,,,,,,,,,,,,,
2026-03-10,2026-03-16,"[06/10/25] [MDA] [Q] [AUTO] [VENDAS] [REMARKETING]",inactive,,,0,0,,2966,Diário,0,0,0,,,,0,0,0,,,,,,,,,,,,,,,,,,
2026-03-10,2026-03-16,"[17/10/25] [MDA] [F] [AUTO] [VENDAS] [MIX PÚBLICOS] [VSL B] [NOVO PIXEL] [4]",inactive,,,0,0,,"Usando o orçamento do conjunto de anúncios",0,0,0,0,,,,0,0,0,,,,,,,,,,,,,,,,,,
2026-03-10,2026-03-16,"[29/10/25] [MDA] [F] [AUTO] [VENDAS] [LKL COMPRADORES] [VSL B] [TESTE DE BOTÃO] [3]",inactive,,,0,0,,"Usando o orçamento do conjunto de anúncios",0,0,0,0,,,,0,0,0,,,,,,,,,,,,,,,,,,
2026-03-10,2026-03-16,"[29/10/25] [MDA] [F] [AUTO] [VENDAS] [LKL COMPRADORES] [VSL B] [TESTE DE TICKET] [3]",inactive,,,0,0,,"Usando o orçamento do conjunto de anúncios",0,0,0,0,,,,0,0,0,,,,,,,,,,,,,,,,,,
2026-03-10,2026-03-16,"[11/11/25] [MDA] [F] [AUTO] [VENDAS] [LKL COMPRADORES] [VSL C] [R$ 397,00] [1]",inactive,,,0,0,,"Usando o orçamento do conjunto de anúncios",0,0,0,0,,,,0,0,0,,,,,,,,,,,,,,,,,,
2026-03-10,2026-03-16,"[11/11/25] [MDA] [F] [AUTO] [VENDAS] [MIX PÚBLICOS] [VSL C] [R$ 397,00] [2]",inactive,,,0,0,,"Usando o orçamento do conjunto de anúncios",0,0,0,0,,,,0,0,0,,,,,,,,,,,,,,,,,,
2026-03-10,2026-03-16,"[17/11/25] [MDA] [F] [AUTO] [VENDAS] [ADV+] [VSL C] [R$ 397,00] [1] - PIXEL ERRADO",inactive,,,0,0,,"Usando o orçamento do conjunto de anúncios",0,0,0,0,,,,0,0,0,,,,,,,,,,,,,,,,,,
2026-03-10,2026-03-16,"[17/11/25] [MDA] [F] [AUTO] [VENDAS] [ADV+] [VSL A] [R$ 347,00] [1]",inactive,,,0,0,,"Usando o orçamento do conjunto de anúncios",0,0,0,0,,,,0,0,0,,,,,,,,,,,,,,,,,,
2026-03-10,2026-03-16,"[20/11/25] [MDA] [F] [AUTO] [VENDAS] [LKL 2% COMPRADORES] [VSL A] [R$ 397,00] [1]",inactive,,,0,0,,"Usando o orçamento do conjunto de anúncios",0,0,0,0,,,,0,0,0,,,,,,,,,,,,,,,,,,
2026-03-10,2026-03-16,"[24/11/25] [MDA] [F] [AUTO] [VENDAS] [ADV+] [VSL A] [R$ 247,00] [1]",inactive,,,0,0,,"Usando o orçamento do conjunto de anúncios",0,0,0,0,,,,0,0,0,,,,,,,,,,,,,,,,,,
2026-03-10,2026-03-16,"[08/12/25] [MDA] [F] [AUTO] [VENDAS] [ADV+] [VSL C] [PIXEL ANTIGO] [R$ 347,00] [1]",inactive,,,0,0,,"Usando o orçamento do conjunto de anúncios",0,0,0,0,,,,0,0,0,,,,,,,,,,,,,,,,,,
2026-03-10,2026-03-16,"[19/12/25] [MDA] [F] [AUTO] [VENDAS] [LKL COMPRADORES] [VSL C] [R$ 197,00] [2]",inactive,,,0,0,,"Usando o orçamento do conjunto de anúncios",0,0,0,0,,,,0,0,0,,,,,,,,,,,,,,,,,,
2026-03-10,2026-03-16,"[24/01/25] [MDA] [Q] [AUTO] [VENDAS] [REMARKETING] [VSL A] [R$ 197,00] [5]",inactive,,,0,0,,"Usando o orçamento do conjunto de anúncios",0,0,0,0,,,,0,0,0,,,,,,,,,,,,,,,,,,
2026-03-10,2026-03-16,"[C03] ZONA DE FORMAÇÃO (COMPRA) — Cópia — Cópia",inactive,,,0,0,,"Usando o orçamento do conjunto de anúncios",0,0,0,0,,,,0,0,0,,,,,,,,,,,,,,,,,,
2026-03-10,2026-03-16,"[00] ZONA DE ESTABILIDADE - REMARKETING",inactive,,,0,0,,"Usando o orçamento do conjunto de anúncios",0,0,0,0,,,,0,0,0,,,,,,,,,,,,,,,,,,
2026-03-10,2026-03-16,"F1 - [IMAGE STORIES TEST] 01/10 (ABO) 1-5-1 — Cópia",inactive,,,0,0,,50,Diário,0,0,0,,,,0,0,0,,,,,,,,,,,,,,,,,,
2026-03-10,2026-03-16,"[F4] 1 (C04) 06/10 CBO 1-1-3= $96 — Cópia",inactive,,,0,0,,50,Diário,0,0,0,,,,0,0,0,,,,,,,,,,,,,,,,,,
2026-03-10,2026-03-16,"F9 - [C04] 02/10 (CBO) 1-1-3 — Cópia — Cópia — Cópia",inactive,,,0,0,,100,Diário,0,0,0,,,,0,0,0,,,,,,,,,,,,,,,,,,
2026-03-10,2026-03-16,"F7 - [V09] 10/10 (CBO) 1-1-3 [R$98]",inactive,,,0,0,,50,Diário,0,0,0,,,,0,0,0,,,,,,,,,,,,,,,,,,
2026-03-10,2026-03-16,"F2 - [V12] VSL TESTE PÚBLICO  (CBO) 1-3-1 — Cópia",inactive,,,0,0,,50,Diário,0,0,0,,,,0,0,0,,,,,,,,,,,,,,,,,,
2026-03-10,2026-03-16,"F2 - [V10] VSL 2 - TESTE PUBLICO",inactive,,,0,0,,100,Diário,0,0,0,,,,0,0,0,,,,,,,,,,,,,,,,,,
2026-03-10,2026-03-16,"F2 -  [V04] VSL 02 TESTE PÚBLICO  (CBO) 1-3-3 — Cópia — Cópia — Cópia — Cópia",inactive,,,0,0,,6,Diário,0,0,0,,,,0,0,0,,,,,,,,,,,,,,,,,,
2026-03-10,2026-03-16,"F3 -  [V14] ESCALA 1-1-1 |22-45 INSTA| VSL2 (ABO) 497",inactive,,,0,0,,"Usando o orçamento do conjunto de anúncios",0,0,0,0,,,,0,0,0,,,,,,,,,,,,,,,,,,
2026-03-10,2026-03-16,"F3 -  [V10] ESCALA 1-1-1 |22-45 INSTA| VSL2 (ABO) = 50/DIA — Cópia — Cópia",inactive,,,0,0,,60,Diário,0,0,0,,,,0,0,0,,,,,,,,,,,,,,,,,,
2026-03-10,2026-03-16,"F3 -  [V17] ESCALA 1-1-1 |22-45 INSTA| VSL2 (ABO) = — Cópia",inactive,,,0,0,,50,Diário,0,0,0,,,,0,0,0,,,,,,,,,,,,,,,,,,
2026-03-10,2026-03-16,"F3 -  [V20] LAL 1% (1-1-1)",inactive,,,0,0,,150,Diário,0,0,0,,,,0,0,0,,,,,,,,,,,,,,,,,,
2026-03-10,2026-03-16,"F3 -  [V37] ESCALA 1-1-1 |22-45 INSTA| VSL2",inactive,,,0,0,,100,Diário,0,0,0,,,,0,0,0,,,,,,,,,,,,,,,,,,
2026-03-10,2026-03-16,"F3 -  [V20] ESCALA 1-1-1 |22-45 INSTA| VSL2 (ABO) = — Cópia — Cópia — Cópia",inactive,,,0,0,,150,Diário,0,0,0,,,,0,0,0,,,,,,,,,,,,,,,,,,
2026-03-10,2026-03-16,"F3 -  [V34] ESCALA 1-1-1 |22-45 INSTA| VSL2 (ABO) = — Cópia",inactive,,,0,0,,150,Diário,0,0,0,,,,0,0,0,,,,,,,,,,,,,,,,,,
2026-03-10,2026-03-16,"F2 - [V22 ] TESTE DE PUBLICOS (01) 1-X-1  VSL 2  ABO",inactive,,,0,0,,"Usando o orçamento do conjunto de anúncios",0,0,0,0,,,,0,0,0,,,,,,,,,,,,,,,,,,
2026-03-10,2026-03-16,"[09/12/25] [MDA] [F] [AUTO] [VENDAS] [ADV+] [VSL C] [R$ 347,00] [1]",inactive,,,0,0,,"Usando o orçamento do conjunto de anúncios",0,0,0,0,,,,0,0,0,,,,,,,,,,,,,,,,,,
2026-03-10,2026-03-16,"[16/12/25] [LVC] [Q] [AUTO] [VENDAS] [REMARKETING] [VSL B] [R$ 197,00] [1]",inactive,,,0,0,,"Usando o orçamento do conjunto de anúncios",0,0,0,0,,,,0,0,0,,,,,,,,,,,,,,,,,,
2026-03-10,2026-03-16,"[06/01/26] [LVC] [F] [AUTO] [VENDAS] [LKL PQ 365D] [VSL B] [R$ 197,00] [5]",inactive,,,0,0,,"Usando o orçamento do conjunto de anúncios",0,0,0,0,,,,0,0,0,,,,,,,,,,,,,,,,,,
2026-03-10,2026-03-16,"[31/01/26] [LVC] [F] [AUTO] [VENDAS] [ADV+] [VSL B] [R$ 197,00] [5]",inactive,,,0,0,,9000,Total,0,0,0,,,,0,0,0,,,,,,,,,,,,,,,,,,
2026-03-10,2026-03-16,"[12/02/26] [MDA] [F] [AUTO] [VENDAS] [ADV+] [VSL C] [R$ 197,00] [CBO] [6]",inactive,,,0,0,,150,Diário,0,0,0,,,,0,0,0,,,,,,,,,,,,,,,,,,
2026-03-10,2026-03-16,"[21/02/26] [MDA] [F] [AUTO] [VENDAS] [ADV+] [VSL A] [R$ 197,00] [ABO] [AD188] [6]",inactive,,,0,0,,"Usando o orçamento do conjunto de anúncios",0,0,0,0,,,,0,0,0,,,,,,,,,,,,,,,,,,
2026-03-10,2026-03-16,"[03/03/26] [MDA] [F] [AUTO] [VENDAS] [ADV+] [VSL C] [R$ 197,00] [CBO] [AD150] [7]",inactive,,,0,0,,200,Diário,0,0,0,,,,0,0,0,,,,,,,,,,,,,,,,,,
2026-03-10,2026-03-16,"[03/03/26] [MDA] [F] [AUTO] [VENDAS] [ADV+] [VSL C] [R$ 197,00] [ABO] [AD178] [8]",inactive,,,0,0,,"Usando o orçamento do conjunto de anúncios",0,0,0,0,,,,0,0,0,,,,,,,,,,,,,,,,,,
2026-03-10,2026-03-16,"[C02] ZONA DE FORMAÇÃO (COMPRA) — Cópia",inactive,,,0,0,,"Usando o orçamento do conjunto de anúncios",0,0,0,0,,,,0,0,0,,,,,,,,,,,,,,,,,,
2026-03-10,2026-03-16,"[C04] ZONA DE ESCALA CBO",inactive,,,0,0,,50,Diário,0,0,0,,,,0,0,0,,,,,,,,,,,,,,,,,,
2026-03-10,2026-03-16,"[C04] ZONA DE ESCALA CBO — Cópia",inactive,,,0,0,,200,Diário,0,0,0,,,,0,0,0,,,,,,,,,,,,,,,,,,
2026-03-10,2026-03-16,"[C04] ZONA DE ESCALA CBO — Cópia — Cópia",inactive,,,0,0,,15,Diário,0,0,0,,,,0,0,0,,,,,,,,,,,,,,,,,,
2026-03-10,2026-03-16,"F9 - [C04] 21/09 (CBO) 1-1-3 — Cópia — Cópia",inactive,,,0,0,,85,Diário,0,0,0,,,,0,0,0,,,,,,,,,,,,,,,,,,
2026-03-10,2026-03-16,"[F4] 3 (C04) 06/10 CBO 1-1-3= $96 — Cópia",inactive,,,0,0,,50,Diário,0,0,0,,,,0,0,0,,,,,,,,,,,,,,,,,,
2026-03-10,2026-03-16,"F2 - ZONA DE VALIDAÇÃO DE CRIATIVO (ABO) 1-10-3 (FIXA)",inactive,,,0,0,,"Usando o orçamento do conjunto de anúncios",0,0,0,0,,,,0,0,0,,,,,,,,,,,,,,,,,,
2026-03-10,2026-03-16,"F0 - 02 ESCALA DIÁRIA {PB. 01 OPEN} (CBO) 1-1-1 — Cópia",inactive,,,0,0,,100,Diário,0,0,0,,,,0,0,0,,,,,,,,,,,,,,,,,,
2026-03-10,2026-03-16,"F0 - 05 ESCALA DIÁRIA {PB. 01 OPEN} (CBO) 1-1-1",inactive,,,0,0,,100,Diário,0,0,0,,,,0,0,0,,,,,,,,,,,,,,,,,,
2026-03-10,2026-03-16,"F6 - [V04] 01 ESCALA VERTICAL PÚBLICO (CBO) 1-3-1 — Cópia — Cópia",inactive,,,0,0,,20,Diário,0,0,0,,,,0,0,0,,,,,,,,,,,,,,,,,,
2026-03-10,2026-03-16,"F6 - [V04] 01 ESCALA VERTICAL PÚBLICO (CBO) 1-3-1 — Cópia — Cópia",inactive,,,0,0,,20,Diário,0,0,0,,,,0,0,0,,,,,,,,,,,,,,,,,,
2026-03-10,2026-03-16,"F2.03 -  [V04] VSL 02 TESTE PÚBLICO  (CBO) 1-3-3 — Cópia — Cópia — Cópia",inactive,,,0,0,,100,Diário,0,0,0,,,,0,0,0,,,,,,,,,,,,,,,,,,
2026-03-10,2026-03-16,"F3 -  [V10] ESCALA 1-1-1 |22-45 INSTA| VSL2 (ABO) = 50/DIA — Cópia",inactive,,,0,0,,100,Diário,0,0,0,,,,0,0,0,,,,,,,,,,,,,,,,,,
2026-03-10,2026-03-16,"F3 -  [V09] ESCALA 1-1-1 |22-45 INSTA| VSL2 (ABO) =",inactive,,,0,0,,70,Diário,0,0,0,,,,0,0,0,,,,,,,,,,,,,,,,,,
2026-03-10,2026-03-16,"F3 -  [I07] ESCALA 1-1-1 |22-45 INSTA| VSL2 (ABO)",inactive,,,0,0,,85.73,Diário,0,0,0,,,,0,0,0,,,,,,,,,,,,,,,,,,
2026-03-10,2026-03-16,"F3 -  [V20] ESCALA 1-1-4 |LAL 1%",inactive,,,0,0,,150,Diário,0,0,0,,,,0,0,0,,,,,,,,,,,,,,,,,,
2026-03-10,2026-03-16,"F3 -  [V29] LAL 5% (1-1-1)",inactive,,,0,0,,250,Diário,0,0,0,,,,0,0,0,,,,,,,,,,,,,,,,,,
2026-03-10,2026-03-16,RUBENS,inactive,,,0,0,,"Usando o orçamento do conjunto de anúncios",0,0,0,0,,,,0,0,0,,,,,,,,,,,,,,,,,,
2026-03-10,2026-03-16,"FX - [VX ]  Advantage+ Campanha — 2 Campanha",inactive,,,0,0,,"Usando o orçamento do conjunto de anúncios",0,0,0,0,,,,0,0,0,,,,,,,,,,,,,,,,,,
2026-03-10,2026-03-16,"F3 -  [V20- V29] Advantage+  Campanha",inactive,,,0,0,,"Usando o orçamento do conjunto de anúncios",0,0,0,0,,,,0,0,0,,,,,,,,,,,,,,,,,,
2026-03-10,2026-03-16,"H3 (SEGMT. 01) | V58",inactive,,,0,0,,50,Diário,0,0,0,,,,0,0,0,,,,,,,,,,,,,,,,,,
2026-03-10,2026-03-16,"H1 (INTELIGENTE) ADV+ | V95",inactive,,,0,0,,150,Diário,0,0,0,,,,0,0,0,,,,,,,,,,,,,,,,,,
2026-03-10,2026-03-16,"ASC LLA 1%+ (247)",inactive,,,0,0,,150,Diário,0,0,0,,,,0,0,0,,,,,,,,,,,,,,,,,,
2026-03-10,2026-03-16,"ASC LLA 2%+ (247)",inactive,,,0,0,,150,Diário,0,0,0,,,,0,0,0,,,,,,,,,,,,,,,,,,
2026-03-10,2026-03-16,"[F1] - ESCALA- V55_T197 —",inactive,,,0,0,,100,Diário,0,0,0,,,,0,0,0,,,,,,,,,,,,,,,,,,
2026-03-10,2026-03-16,"[C01] ZONA DE FORMAÇÃO (COMPRA)",inactive,,,0,0,,"Usando o orçamento do conjunto de anúncios",0,0,0,0,,,,0,0,0,,,,,,,,,,,,,,,,,,
2026-03-10,2026-03-16,"[C04] ZONA DE ESCALA CBO — Cópia",inactive,,,0,0,,100,Diário,0,0,0,,,,0,0,0,,,,,,,,,,,,,,,,,,
2026-03-10,2026-03-16,"[00] ZONA DE FORMAÇÃO (COMPRA)",inactive,,,0,0,,"Usando o orçamento do conjunto de anúncios",0,0,0,0,,,,0,0,0,,,,,,,,,,,,,,,,,,
2026-03-10,2026-03-16,"F3 - ZONA DE FORMAÇÃO DO PÚBLICO (ABO) 1-5-1 (FIXA)",inactive,,,0,0,,"Usando o orçamento do conjunto de anúncios",0,0,0,0,,,,0,0,0,,,,,,,,,,,,,,,,,,
2026-03-10,2026-03-16,"F1 - [V13] TESTE CRIATIVO (1-10-1)",inactive,,,0,0,,"Usando o orçamento do conjunto de anúncios",0,0,0,0,,,,0,0,0,,,,,,,,,,,,,,,,,,
2026-03-10,2026-03-16,"F2 -  [V04] VSL 02 TESTE PÚBLICO  (CBO) 1-3-3 — Cópia — Cópia — Cópia",inactive,,,0,0,,6,Diário,0,0,0,,,,0,0,0,,,,,,,,,,,,,,,,,,
2026-03-10,2026-03-16,"[07/11/24] [MDA] [Q] [AUTO] [VENDAS] [REMARKETING] [KIWIFY]",inactive,,,0,0,,386,Diário,0,0,0,,,,0,0,0,,,,,,,,,,,,,,,,,,
2026-03-10,2026-03-16,"[MOF] VSL PAGE VIEW",inactive,,,0,0,,"Usando o orçamento do conjunto de anúncios",0,0,0,0,,,,0,0,0,,,,,,,,,,,,,,,,,,
2026-03-10,2026-03-16,"[BOF] CHECKOUT",inactive,,,0,0,,"Usando o orçamento do conjunto de anúncios",0,0,0,0,,,,0,0,0,,,,,,,,,,,,,,,,,,
2026-03-10,2026-03-16,"(F1) TESTE DE CRIATIVO 1-5-1 07/11 (ABO) = R$6/D = 7 DIAS",inactive,,,0,0,,"Usando o orçamento do conjunto de anúncios",0,0,0,0,,,,0,0,0,,,,,,,,,,,,,,,,,,
2026-03-10,2026-03-16,"F3 -  [V04] ESCALA 1-1-1 |22-45 INSTA| VSL2 (ABO) = 50/DIA — Cópia",inactive,,,0,0,,"Usando o orçamento do conjunto de anúncios",0,0,0,0,,,,0,0,0,,,,,,,,,,,,,,,,,,
2026-03-10,2026-03-16,"F3 -  [V20] ESCALA 1-1-1 |22-34INSTA| VSL2 (CBO) =",inactive,,,0,0,,60,Diário,0,0,0,,,,0,0,0,,,,,,,,,,,,,,,,,,
2026-03-10,2026-03-16,"F3 -  [V20] ESCALA 1-3-1 |22-45 INSTA| VSL2 (ABO) = 495",inactive,,,0,0,,100,Diário,0,0,0,,,,0,0,0,,,,,,,,,,,,,,,,,,
2026-03-10,2026-03-16,"F3 -  [V20] ESCALA 1-1-4 |22-45 INSTA| VSL2 (ABO) = 495",inactive,,,0,0,,50,Diário,0,0,0,,,,0,0,0,,,,,,,,,,,,,,,,,,
2026-03-10,2026-03-16,"F3 -  [V23] ESCALA 1-1-1 |22-45 INSTA| VSL2 (ABO) =",inactive,,,0,0,,150,Diário,0,0,0,,,,0,0,0,,,,,,,,,,,,,,,,,,
2026-03-10,2026-03-16,"F3 -  [V20] ML 22-45 (1-1-1)",inactive,,,0,0,,250,Diário,0,0,0,,,,0,0,0,,,,,,,,,,,,,,,,,,
2026-03-10,2026-03-16,"F3 -  [V29] 25-44 HM - INSTA+FACE (1-1-1) — Cópia",inactive,,,0,0,,250,Diário,0,0,0,,,,0,0,0,,,,,,,,,,,,,,,,,,
2026-03-10,2026-03-16,"F2 -   H 25-44 (1-1-3)",inactive,,,0,0,,500,Diário,0,0,0,,,,0,0,0,,,,,,,,,,,,,,,,,,
2026-03-10,2026-03-16,"F1.5 - [RMKT] ESTEIRA DE CRIATIVOS (01) 1-3-X",inactive,,,0,0,,"Usando o orçamento do conjunto de anúncios",0,0,0,0,,,,0,0,0,,,,,,,,,,,,,,,,,,
2026-03-10,2026-03-16,"F3 -  [V90 - V99] Advantage+ Campanha",inactive,,,0,0,,"Usando o orçamento do conjunto de anúncios",0,0,0,0,,,,0,0,0,,,,,,,,,,,,,,,,,,
2026-03-10,2026-03-16,"H1 (INTELIGENTE) ADV+ | V49",inactive,,,0,0,,150,Diário,0,0,0,,,,0,0,0,,,,,,,,,,,,,,,,,,
2026-03-10,2026-03-16,"[11/08/25] [MDA] [F] [AUTO] [VENDAS] [F4] [ARENA 197]",inactive,,,0,0,,240,Diário,0,0,0,,,,0,0,0,,,,,,,,,,,,,,,,,,
2026-03-10,2026-03-16,"[20/10/25] [MDA] [F] [AUTO] [VENDAS] [LKL COMPRADORES] [VSL B] [TESTE DE CRIATIVO] [OLD PIXEL] [1]",inactive,,,0,0,,"Usando o orçamento do conjunto de anúncios",0,0,0,0,,,,0,0,0,,,,,,,,,,,,,,,,,,
2026-03-10,2026-03-16,"[11/11/25] [MDA] [F] [AUTO] [VENDAS] [ADV+] [VSL A] [R$ 397,00] [1]",inactive,,,0,0,,"Usando o orçamento do conjunto de anúncios",0,0,0,0,,,,0,0,0,,,,,,,,,,,,,,,,,,
2026-03-10,2026-03-16,"[03/01/26] [LVC] [F] [AUTO] [VENDAS] [ADV+] [VSL B] [R$ 197,00] [5]",inactive,,,0,0,,"Usando o orçamento do conjunto de anúncios",0,0,0,0,,,,0,0,0,,,,,,,,,,,,,,,,,,
2026-03-10,2026-03-16,"F9 - [C04] 21/09 (CBO) 1-1-3 — Cópia",inactive,,,0,0,,85,Diário,0,0,0,,,,0,0,0,,,,,,,,,,,,,,,,,,
2026-03-10,2026-03-16,"F9 - [C03] 21/09 (CBO) 1-1-3",inactive,,,0,0,,50,Diário,0,0,0,,,,0,0,0,,,,,,,,,,,,,,,,,,
2026-03-10,2026-03-16,"F2- TESTE CONTÍNUO 14/10 (CBO) 1-3-2",inactive,,,0,0,,100,Diário,0,0,0,,,,0,0,0,,,,,,,,,,,,,,,,,,
2026-03-10,2026-03-16,"F5 - ZONA DE ESCALA FIXA (ABO) 1-7-1",inactive,,,0,0,,"Usando o orçamento do conjunto de anúncios",0,0,0,0,,,,0,0,0,,,,,,,,,,,,,,,,,,
2026-03-10,2026-03-16,"F2 - [V04] VSL TESTE PÚBLICO  (CBO) 1-3-1",inactive,,,0,0,,98,Diário,0,0,0,,,,0,0,0,,,,,,,,,,,,,,,,,,
2026-03-10,2026-03-16,"F2 -  [V04] LP TESTE PÚBLICO  (CBO) 1-3-3",inactive,,,0,0,,102.47,Diário,0,0,0,,,,0,0,0,,,,,,,,,,,,,,,,,,
2026-03-10,2026-03-16,"F3 -  [V20] ESCALA 1-1-1 |LAL 1%",inactive,,,0,0,,150,Diário,0,0,0,,,,0,0,0,,,,,,,,,,,,,,,,,,
2026-03-10,2026-03-16,"F4 -  [V20] T1 - VALIDAÇÃO DE PUBLICO (CBO) 1-3-1",inactive,,,0,0,,176.45,Diário,0,0,0,,,,0,0,0,,,,,,,,,,,,,,,,,,
2026-03-10,2026-03-16,"F3 -  [V29] 25-44 HM - INSTA+FACE (1-1-1) — Cópia",inactive,,,0,0,,250,Diário,0,0,0,,,,0,0,0,,,,,,,,,,,,,,,,,,
2026-03-10,2026-03-16,"F2 -   H 25-44 (1-1-3)",inactive,,,0,0,,100,Diário,0,0,0,,,,0,0,0,,,,,,,,,,,,,,,,,,
2026-03-10,2026-03-16,"F2 -  [V34] H 25-44 (1-1-1)",inactive,,,0,0,,150,Diário,0,0,0,,,,0,0,0,,,,,,,,,,,,,,,,,,
2026-03-10,2026-03-16,"F3 -  [V34] ESCALA 1-1-1 |22-45 INSTA| VSL2 — Cópia",inactive,,,0,0,,200,Diário,0,0,0,,,,0,0,0,,,,,,,,,,,,,,,,,,
2026-03-10,2026-03-16,"F2 -  [V34] TESTE DE PUBLICO 1-3-1 (ABO) — Cópia",inactive,,,0,0,,"Usando o orçamento do conjunto de anúncios",0,0,0,0,,,,0,0,0,,,,,,,,,,,,,,,,,,
2026-03-10,2026-03-16,"F3 -  [V20] ESCALA 1-1-1 |22-45 INSTA REELS|",inactive,,,0,0,,150,Diário,0,0,0,,,,0,0,0,,,,,,,,,,,,,,,,,,
2026-03-10,2026-03-16,"F2 - CBO [V22 ] TESTE DE PUBLICOS (01) 1-X-1  VSL 2",inactive,,,0,0,,100,Diário,0,0,0,,,,0,0,0,,,,,,,,,,,,,,,,,,
2026-03-10,2026-03-16,"F2 - [V44] TESTE DE PUBLICOS (PB.01) 1-1-1  VSL 2",inactive,,,0,0,,"Usando o orçamento do conjunto de anúncios",0,0,0,0,,,,0,0,0,,,,,,,,,,,,,,,,,,
2026-03-10,2026-03-16,"F2 - [VX] TESTE DE PUBLICOS  1-X-1  VSL 2",inactive,,,0,0,,"Usando o orçamento do conjunto de anúncios",0,0,0,0,,,,0,0,0,,,,,,,,,,,,,,,,,,
2026-03-10,2026-03-16,"F3 -  [V22] Advantage+  Campanha  Campanha",inactive,,,0,0,,"Usando o orçamento do conjunto de anúncios",0,0,0,0,,,,0,0,0,,,,,,,,,,,,,,,,,,
2026-03-10,2026-03-16,"F3 -  [V58] Advantage+  Campanha Campanha Campanha",inactive,,,0,0,,"Usando o orçamento do conjunto de anúncios",0,0,0,0,,,,0,0,0,,,,,,,,,,,,,,,,,,
2026-03-10,2026-03-16,"F3 -  [V70 - V79] Advantage+  Campanha",inactive,,,0,0,,"Usando o orçamento do conjunto de anúncios",0,0,0,0,,,,0,0,0,,,,,,,,,,,,,,,,,,
2026-03-10,2026-03-16,"[17/10/25] [MDA] [F] [AUTO] [VENDAS] [MIX PÚBLICOS] [VSL B] [OLD PIXEL] [4]",inactive,,,0,0,,"Usando o orçamento do conjunto de anúncios",0,0,0,0,,,,0,0,0,,,,,,,,,,,,,,,,,,
2026-03-10,2026-03-16,"[18/11/25] [LVC] [F] [AUTO] [VENDAS] [LKL COMPRADORES] [VSL B] [R$ 197,00] [1]",inactive,,,0,0,,"Usando o orçamento do conjunto de anúncios",0,0,0,0,,,,0,0,0,,,,,,,,,,,,,,,,,,
2026-03-10,2026-03-16,"[17/11/25] [MDA] [F] [AUTO] [VENDAS] [LKL COMPRADORES] [VSL A] [R$ 397,00] [1] - PIXEL ERRADO",inactive,,,0,0,,"Usando o orçamento do conjunto de anúncios",0,0,0,0,,,,0,0,0,,,,,,,,,,,,,,,,,,
2026-03-10,2026-03-16,"[17/11/25] [MDA] [F] [AUTO] [VENDAS] [LKL COMPRADORES] [VSL C] [R$ 397,00] [1] - PIXEL ERRADO",inactive,,,0,0,,"Usando o orçamento do conjunto de anúncios",0,0,0,0,,,,0,0,0,,,,,,,,,,,,,,,,,,
2026-03-10,2026-03-16,"[24/11/25] [MDA] [F] [AUTO] [VENDAS] [ADV+] [VSL A] [PIXEL ANTIGO] [R$ 347,00] [3]",inactive,,,0,0,,"Usando o orçamento do conjunto de anúncios",0,0,0,0,,,,0,0,0,,,,,,,,,,,,,,,,,,
2026-03-10,2026-03-16,"[C04] ZONA DE FORMAÇÃO (COMPRA)",inactive,,,0,0,,"Usando o orçamento do conjunto de anúncios",0,0,0,0,,,,0,0,0,,,,,,,,,,,,,,,,,,
2026-03-10,2026-03-16,"[C04] ZONA DE ESCALA CBO — Cópia",inactive,,,0,0,,50,Diário,0,0,0,,,,0,0,0,,,,,,,,,,,,,,,,,,
2026-03-10,2026-03-16,"[CTEST] 21/09 (CBO) 1-1-3",inactive,,,0,0,,100,Diário,0,0,0,,,,0,0,0,,,,,,,,,,,,,,,,,,
2026-03-10,2026-03-16,"F9 - [C04] 02/10 (CBO) 1-1-3 — Cópia — Cópia",inactive,,,0,0,,150,Diário,0,0,0,,,,0,0,0,,,,,,,,,,,,,,,,,,
2026-03-10,2026-03-16,"F6 - [V04] 02 ESCALA VERTICAL PÚBLICO (CBO) 1-3-1",inactive,,,0,0,,300,Diário,0,0,0,,,,0,0,0,,,,,,,,,,,,,,,,,,
2026-03-10,2026-03-16,"F3 -  [V15] ESCALA 1-1-1 |22-45 INSTA| VSL2 (ABO) = 50/DIA — Cópia",inactive,,,0,0,,50,Diário,0,0,0,,,,0,0,0,,,,,,,,,,,,,,,,,,
2026-03-10,2026-03-16,"F3 -  [V14] ESCALA 1-1-1 |22-45 INSTA| VSL2 (ABO) = 497 — Cópia",inactive,,,0,0,,50,Diário,0,0,0,,,,0,0,0,,,,,,,,,,,,,,,,,,
2026-03-10,2026-03-16,"F3 -  [V20] LAL 1%",inactive,,,0,0,,200,Diário,0,0,0,,,,0,0,0,,,,,,,,,,,,,,,,,,
2026-03-10,2026-03-16,"F3 -  [V40] ESCALA 1-1-1 |22-45 INSTA| VSL2",inactive,,,0,0,,50,Diário,0,0,0,,,,0,0,0,,,,,,,,,,,,,,,,,,
2026-03-10,2026-03-16,"F3 -  [V20] ESCALA 1-1-1 |LAL 1%",inactive,,,0,0,,150,Diário,0,0,0,,,,0,0,0,,,,,,,,,,,,,,,,,,
2026-03-10,2026-03-16,"F4 -  [V38] T1 - VALIDAÇÃO DE PUBLICO (CBO) 1-3-1 — Cópia",inactive,,,0,0,,176.45,Diário,0,0,0,,,,0,0,0,,,,,,,,,,,,,,,,,,
2026-03-10,2026-03-16,"F3 -  [H 22-45 - INSTA] (1-1-X)",inactive,,,0,0,,146,Diário,0,0,0,,,,0,0,0,,,,,,,,,,,,,,,,,,
2026-03-10,2026-03-16,"F3 -  [V29] 25-44 HM - INSTA+FACE (1-1-1) — Cópia",inactive,,,0,0,,250,Diário,0,0,0,,,,0,0,0,,,,,,,,,,,,,,,,,,
2026-03-10,2026-03-16,"F3 -  [V34] ESCALA 1-1-1 |22-45 INSTA| VSL2 — Cópia — Cópia",inactive,,,0,0,,200,Diário,0,0,0,,,,0,0,0,,,,,,,,,,,,,,,,,,
2026-03-10,2026-03-16,"F3 -  [V41] ESCALA 1-1-1 |22-45 INSTA| VSL2 (ABO) = — Cópia",inactive,,,0,0,,150,Diário,0,0,0,,,,0,0,0,,,,,,,,,,,,,,,,,,
2026-03-10,2026-03-16,"F3 - [V22] ESCALA HORIZONTAL (01) 1-1-1 | OPEN | VSL 2 | CBO — Cópia",inactive,,,0,0,,100,Diário,0,0,0,,,,0,0,0,,,,,,,,,,,,,,,,,,
2026-03-10,2026-03-16,"H2 (LLA 1%) | V22",inactive,,,0,0,,50,Diário,0,0,0,,,,0,0,0,,,,,,,,,,,,,,,,,,
2026-03-10,2026-03-16,"H1 (INTELIGENTE) ADV+ | V58",inactive,,,0,0,,150,Diário,0,0,0,,,,0,0,0,,,,,,,,,,,,,,,,,,
2026-03-10,2026-03-16,"[F1] - ESCALA- V50_2%_T197",inactive,,,0,0,,150,Diário,0,0,0,,,,0,0,0,,,,,,,,,,,,,,,,,,
2026-03-10,2026-03-16,"[29/07/25] [MDA] [F] [AUTO] [VENDAS] [F4] [ARENA 197] [MAX CONV]",inactive,,,0,0,,"Usando o orçamento do conjunto de anúncios",0,0,0,0,,,,0,0,0,,,,,,,,,,,,,,,,,,
2026-03-10,2026-03-16,"[04/08/25] [MDA] [F] [AUTO] [VENDAS] [F2] [VALIDAÇÃO] [AD117] [197]",inactive,,,0,0,,250,Diário,0,0,0,,,,0,0,0,,,,,,,,,,,,,,,,,,
2026-03-10,2026-03-16,"[17/11/25] [MDA] [F] [AUTO] [VENDAS] [ADV+] [VSL A] [R$ 397,00] [1] - PIXEL ERRADO",inactive,,,0,0,,"Usando o orçamento do conjunto de anúncios",0,0,0,0,,,,0,0,0,,,,,,,,,,,,,,,,,,
2026-03-10,2026-03-16,"[24/11/25] [MDA] [F] [AUTO] [VENDAS] [ADV+] [VSL C] [PIXEL ANTIGO] [R$ 397,00] [3]",inactive,,,0,0,,"Usando o orçamento do conjunto de anúncios",0,0,0,0,,,,0,0,0,,,,,,,,,,,,,,,,,,
2026-03-10,2026-03-16,"[25/11/25] [MDA] [F] [AUTO] [VENDAS] [ADV+] [VSL A] [PIXEL ANTIGO] [R$ 347,00] [1]",inactive,,,0,0,,"Usando o orçamento do conjunto de anúncios",0,0,0,0,,,,0,0,0,,,,,,,,,,,,,,,,,,
2026-03-10,2026-03-16,"[12/02/26] [MDA] [F] [AUTO] [VENDAS] [ADV+] [VSL C] [R$ 197,00] [6]",inactive,,,0,0,,"Usando o orçamento do conjunto de anúncios",0,0,0,0,,,,0,0,0,,,,,,,,,,,,,,,,,,
2026-03-10,2026-03-16,"F9 - [C04] 21/09 (CBO) 1-1-3 — Cópia",inactive,,,0,0,,85,Diário,0,0,0,,,,0,0,0,,,,,,,,,,,,,,,,,,
2026-03-10,2026-03-16,"F9 - [C04] 03/10 (CBO) 1-1-1",inactive,,,0,0,,100,Diário,0,0,0,,,,0,0,0,,,,,,,,,,,,,,,,,,
2026-03-10,2026-03-16,"F4 - VALIDAÇÃO DO PÚBLICO {PB. 01 OPEN} (CBO) 1-3-3 — Cópia",inactive,,,0,0,,90,Diário,0,0,0,,,,0,0,0,,,,,,,,,,,,,,,,,,
2026-03-10,2026-03-16,"F3 -  [V04] ESCALA 1-1-1 |22-45 INSTA| VSL2 (ABO) = 50/DIA",inactive,,,0,0,,"Usando o orçamento do conjunto de anúncios",0,0,0,0,,,,0,0,0,,,,,,,,,,,,,,,,,,
2026-03-10,2026-03-16,RUBENS,inactive,,,0,0,,"Usando o orçamento do conjunto de anúncios",0,0,0,0,,,,0,0,0,,,,,,,,,,,,,,,,,,
2026-03-10,2026-03-16,"F0 - ENGAJAMENTO REELS (MANYCHAT)",inactive,,,0,0,,"Usando o orçamento do conjunto de anúncios",0,0,0,0,,,,0,0,0,,,,,,,,,,,,,,,,,,
2026-03-10,2026-03-16,"F3 -  [VX] Advantage+  [V60-V69] Campanha",inactive,,,0,0,,"Usando o orçamento do conjunto de anúncios",0,0,0,0,,,,0,0,0,,,,,,,,,,,,,,,,,,
2026-03-10,2026-03-16,"[F1] - ASC [SCALING] - CAMPEÕES Campanha",inactive,,,0,0,,"Usando o orçamento do conjunto de anúncios",0,0,0,0,,,,0,0,0,,,,,,,,,,,,,,,,,,
2026-03-10,2026-03-16,"H1 (INTELIGENTE) ADV+ | V58",inactive,,,0,0,,50,Diário,0,0,0,,,,0,0,0,,,,,,,,,,,,,,,,,,
2026-03-10,2026-03-16,"[F2] - CLONES - V15_T247",inactive,,,0,0,,200,Diário,0,0,0,,,,0,0,0,,,,,,,,,,,,,,,,,,
2026-03-10,2026-03-16,"F1 - ASC [SCALING] -LLA 1% (247)",inactive,,,0,0,,197.85,Diário,0,0,0,,,,0,0,0,,,,,,,,,,,,,,,,,,
2026-03-10,2026-03-16,"[F2] - CLONES - V58_T197",inactive,,,0,0,,100,Diário,0,0,0,,,,0,0,0,,,,,,,,,,,,,,,,,,
2026-03-10,2026-03-16,"[F2] - CLONES - V50_T197",inactive,,,0,0,,150,Diário,0,0,0,,,,0,0,0,,,,,,,,,,,,,,,,,,
2026-03-10,2026-03-16,"[F2] - CLONES - V48_T197 >>>",inactive,,,0,0,,200,Diário,0,0,0,,,,0,0,0,,,,,,,,,,,,,,,,,,
2026-03-10,2026-03-16,"[30/07/25] [MDA] [Q] [AUTO] [VENDAS] [REMARKETING] [197]",inactive,,,0,0,,20,Diário,0,0,0,,,,0,0,0,,,,,,,,,,,,,,,,,,
2026-03-10,2026-03-16,"[16/10/25] [MDA] [F] [AUTO] [VENDAS] [LKL COMPRADORES] [VSL B] [2]",inactive,,,0,0,,"Usando o orçamento do conjunto de anúncios",0,0,0,0,,,,0,0,0,,,,,,,,,,,,,,,,,,
2026-03-10,2026-03-16,"[11/11/25] [MDA] [F] [AUTO] [VENDAS] [LKL COMPRADORES] [VSL A] [R$ 397,00] [1]",inactive,,,0,0,,"Usando o orçamento do conjunto de anúncios",0,0,0,0,,,,0,0,0,,,,,,,,,,,,,,,,,,
2026-03-10,2026-03-16,"[17/11/25] [MDA] [Q] [AUTO] [VENDAS] [REMARKETING] [PÁGINA HOME] [R$ 197,00] [1]",inactive,,,0,0,,"Usando o orçamento do conjunto de anúncios",0,0,0,0,,,,0,0,0,,,,,,,,,,,,,,,,,,
2026-03-10,2026-03-16,"[17/11/25] [MDA] [F] [AUTO] [VENDAS] [ADV+] [VSL C] [R$ 397,00] [1]",inactive,,,0,0,,"Usando o orçamento do conjunto de anúncios",0,0,0,0,,,,0,0,0,,,,,,,,,,,,,,,,,,
2026-03-10,2026-03-16,"[18/11/25] [MDA] [Q] [AUTO] [VENDAS] [REMARKETING] [VSL C] [R$ 197,00] [1]",inactive,,,0,0,,"Usando o orçamento do conjunto de anúncios",0,0,0,0,,,,0,0,0,,,,,,,,,,,,,,,,,,
2026-03-10,2026-03-16,"[03/12/25] [MDA] [F] [AUTO] [VENDAS] [LKL COMPRADORES] [VSL A] [PIXEL ANTIGO] [R$ 347,00] [2]",inactive,,,0,0,,"Usando o orçamento do conjunto de anúncios",0,0,0,0,,,,0,0,0,,,,,,,,,,,,,,,,,,
2026-03-10,2026-03-16,"[19/12/25] [MDA] [F] [AUTO] [VENDAS] [LKL COMPRADORES] [VSL A] [R$ 197,00] [2]",inactive,,,0,0,,"Usando o orçamento do conjunto de anúncios",0,0,0,0,,,,0,0,0,,,,,,,,,,,,,,,,,,
2026-03-10,2026-03-16,"[22/12/25] [MDA] [F] [AUTO] [VENDAS] [MIX PÚBLICOS] [VSL A] [R$ 197,00] [4]",inactive,,,0,0,,"Usando o orçamento do conjunto de anúncios",0,0,0,0,,,,0,0,0,,,,,,,,,,,,,,,,,,
2026-03-10,2026-03-16,"[03/01/26] [MDA] [F] [AUTO] [VENDAS] [ADV+] [VSL C] [R$ 197,00] [5]",inactive,,,0,0,,"Usando o orçamento do conjunto de anúncios",0,0,0,0,,,,0,0,0,,,,,,,,,,,,,,,,,,
2026-03-10,2026-03-16,"[31/01/26] [MDA] [F] [AUTO] [VENDAS] [ADV+] [VSL C] [R$ 197,00] [5]",inactive,,,0,0,,6000,Total,0,0,0,,,,0,0,0,,,,,,,,,,,,,,,,,,
2026-03-10,2026-03-16,"[C04] ZONA DE ESCALA CBO — Cópia — Cópia — Cópia — Cópia — Cópia — Cópia",inactive,,,0,0,,15,Diário,0,0,0,,,,0,0,0,,,,,,,,,,,,,,,,,,
2026-03-10,2026-03-16,"(F3) [V04] ESCALA 1-1-1 |P.01| 05/11 (CBO) = 247/DIA",inactive,,,0,0,,98,Diário,0,0,0,,,,0,0,0,,,,,,,,,,,,,,,,,,
2026-03-10,2026-03-16,"F9 - [V05] 12/10 (CBO) 1-1-3",inactive,,,0,0,,50,Diário,0,0,0,,,,0,0,0,,,,,,,,,,,,,,,,,,
2026-03-10,2026-03-16,"F0 - 07 ESCALA DIÁRIA {PB. 01 OPEN} (CBO) 1-1-1",inactive,,,0,0,,100,Diário,0,0,0,,,,0,0,0,,,,,,,,,,,,,,,,,,
2026-03-10,2026-03-16,"F2 -  [V04] VSL 01 TESTE PÚBLICO  (CBO) 1-3-3",inactive,,,0,0,,102.47,Diário,0,0,0,,,,0,0,0,,,,,,,,,,,,,,,,,,
2026-03-10,2026-03-16,"F1 - [V16] VSL 2 - TESTE CRIATIVO",inactive,,,0,0,,"Usando o orçamento do conjunto de anúncios",0,0,0,0,,,,0,0,0,,,,,,,,,,,,,,,,,,
2026-03-10,2026-03-16,"F3 -  [V15] ESCALA 1-1-1 |25-34INSTA| VSL2 (ABO) = 50/DIA —",inactive,,,0,0,,"Usando o orçamento do conjunto de anúncios",0,0,0,0,,,,0,0,0,,,,,,,,,,,,,,,,,,
2026-03-10,2026-03-16,"F3 -  [V15] ESCALA 1-1-1 |22-45 INSTA| VSL2 (ABO) = 50/DIA — Cópia — Cópia",inactive,,,0,0,,"Usando o orçamento do conjunto de anúncios",0,0,0,0,,,,0,0,0,,,,,,,,,,,,,,,,,,
2026-03-10,2026-03-16,"F3 -  [V16] ESCALA 1-1-1 |22-45 INSTA| VSL2 (ABO) = 497",inactive,,,0,0,,50,Diário,0,0,0,,,,0,0,0,,,,,,,,,,,,,,,,,,
2026-03-10,2026-03-16,"F2 -  CBO TEST LAL 1%",inactive,,,0,0,,200,Diário,0,0,0,,,,0,0,0,,,,,,,,,,,,,,,,,,
2026-03-10,2026-03-16,"F2 -  CBO TEST [M 22 -45]",inactive,,,0,0,,100,Diário,0,0,0,,,,0,0,0,,,,,,,,,,,,,,,,,,
2026-03-10,2026-03-16,"F3 -  [V38] - LAL 1% (1-1-1)",inactive,,,0,0,,50,Diário,0,0,0,,,,0,0,0,,,,,,,,,,,,,,,,,,
2026-03-10,2026-03-16,"F3 - [V20]  LAL 2%  INSTA+ FACE (1-1-1)",inactive,,,0,0,,50,Diário,0,0,0,,,,0,0,0,,,,,,,,,,,,,,,,,,
2026-03-10,2026-03-16,"F3 -  [V39] OPEN 25 - 44  (1-1-1)",inactive,,,0,0,,150,Diário,0,0,0,,,,0,0,0,,,,,,,,,,,,,,,,,,
2026-03-10,2026-03-16,"F3 -  [V34] ESCALA 1-1-1 |22-45 INSTA| VSL2",inactive,,,0,0,,200,Diário,0,0,0,,,,0,0,0,,,,,,,,,,,,,,,,,,
2026-03-10,2026-03-16,"F3 -  [V20] ESCALA 1-1-1 |22-45 INSTA FEED|",inactive,,,0,0,,50,Diário,0,0,0,,,,0,0,0,,,,,,,,,,,,,,,,,,
2026-03-10,2026-03-16,"F4 - [VX] ESCALA PUBLICO (PB-01) 1-X-1- | 22-45 INSTA | VSL 2 | ABO",inactive,,,0,0,,100,Diário,0,0,0,,,,0,0,0,,,,,,,,,,,,,,,,,,
2026-03-10,2026-03-16,"[26/09/25] [MDA] [F] [AUTO] [VENDAS] [F3] [2] [TESTE DE CRIATIVOS] [VSL A]",inactive,,,0,0,,"Usando o orçamento do conjunto de anúncios",0,0,0,0,,,,0,0,0,,,,,,,,,,,,,,,,,,
2026-03-10,2026-03-16,"[11/11/25] [MDA] [F] [AUTO] [VENDAS] [ADV+] [VSL C] [R$ 397,00] [1]",inactive,,,0,0,,"Usando o orçamento do conjunto de anúncios",0,0,0,0,,,,0,0,0,,,,,,,,,,,,,,,,,,
2026-03-10,2026-03-16,"[17/11/25] [MDA] [Q] [AUTO] [VENDAS] [REMARKETING] [VSL A] [R$ 397,00] [1] - PIXEL ERRADO",inactive,,,0,0,,"Usando o orçamento do conjunto de anúncios",0,0,0,0,,,,0,0,0,,,,,,,,,,,,,,,,,,
2026-03-10,2026-03-16,"[17/11/25] [MDA] [F] [AUTO] [VENDAS] [LKL COMPRADORES] [VSL C] [R$ 397,00] [1]",inactive,,,0,0,,"Usando o orçamento do conjunto de anúncios",0,0,0,0,,,,0,0,0,,,,,,,,,,,,,,,,,,
2026-03-10,2026-03-16,"[20/11/25] [MDA] [F] [AUTO] [VENDAS] [LKL 2% COMPRADORES] [VSL C] [R$ 397,00] [1]",inactive,,,0,0,,"Usando o orçamento do conjunto de anúncios",0,0,0,0,,,,0,0,0,,,,,,,,,,,,,,,,,,
2026-03-10,2026-03-16,"[12/02/26] [MDA] [F] [AUTO] [VENDAS] [ADV+] [VSL C] [R$ 197,00] [CBO] [6]",inactive,,,0,0,,150,Diário,0,0,0,,,,0,0,0,,,,,,,,,,,,,,,,,,
2026-03-10,2026-03-16,"[19/02/26] [LVC] [F] [AUTO] [VENDAS] [ADV+] [VSL B] [R$ 197,00] [5]",inactive,,,0,0,,6000,Total,0,0,0,,,,0,0,0,,,,,,,,,,,,,,,,,,
2026-03-10,2026-03-16,"[24/02/26] [MDA] [F] [AUTO] [VENDAS] [ADV+] [VSL A] [R$ 197,00] [ABO] [AD13] [6]",inactive,,,0,0,,"Usando o orçamento do conjunto de anúncios",0,0,0,0,,,,0,0,0,,,,,,,,,,,,,,,,,,
2026-03-10,2026-03-16,"[C03] ZONA DE ESCALA CBO",inactive,,,0,0,,100,Diário,0,0,0,,,,0,0,0,,,,,,,,,,,,,,,,,,
2026-03-10,2026-03-16,"[C04] ZONA DE ESCALA CBO — Cópia",inactive,,,0,0,,50,Diário,0,0,0,,,,0,0,0,,,,,,,,,,,,,,,,,,
2026-03-10,2026-03-16,"[C04] ZONA DE ESCALA CBO — Cópia — Cópia — Cópia — Cópia — Cópia — Cópia — Cópia",inactive,,,0,0,,15,Diário,0,0,0,,,,0,0,0,,,,,,,,,,,,,,,,,,
2026-03-10,2026-03-16,"[C02] ZONA DE FORMAÇÃO (COMPRA) — Cópia — Cópia",inactive,,,0,0,,25,Diário,0,0,0,,,,0,0,0,,,,,,,,,,,,,,,,,,
2026-03-10,2026-03-16,"F9 - [C02] 28/09 (CBO) 1-1-3",inactive,,,0,0,,100,Diário,0,0,0,,,,0,0,0,,,,,,,,,,,,,,,,,,
2026-03-10,2026-03-16,"F3 - ZONA DE FORMAÇÃO DO PÚBLICO (ABO) 1-5-1 (FIXA)",inactive,,,0,0,,"Usando o orçamento do conjunto de anúncios",0,0,0,0,,,,0,0,0,,,,,,,,,,,,,,,,,,
2026-03-10,2026-03-16,"F3 -  [V04] ESCALA 1-1-1 |P.01| VSL2 (ABO) = 50/DIA",inactive,,,0,0,,"Usando o orçamento do conjunto de anúncios",0,0,0,0,,,,0,0,0,,,,,,,,,,,,,,,,,,
2026-03-10,2026-03-16,"F3 -  1-1-3 |22-45 INSTA| VSL2 (ABO) =",inactive,,,0,0,,50,Diário,0,0,0,,,,0,0,0,,,,,,,,,,,,,,,,,,
2026-03-10,2026-03-16,"F3 -  [V20] OPEN 22-45 - INSTA (1-1-1)",inactive,,,0,0,,50,Diário,0,0,0,,,,0,0,0,,,,,,,,,,,,,,,,,,
2026-03-10,2026-03-16,"F3 -  [V29] 25-44 HM - INSTA+FACE (1-1-1) — Cópia",inactive,,,0,0,,250,Diário,0,0,0,,,,0,0,0,,,,,,,,,,,,,,,,,,
2026-03-10,2026-03-16,"F2 -  [V20] H 25-44 (1-1-4)",inactive,,,0,0,,500,Diário,0,0,0,,,,0,0,0,,,,,,,,,,,,,,,,,,
2026-03-10,2026-03-16,"F3 -  [V20] ESCALA 1-1-1 |22-45 INSTA| VSL2 (ABO) = — Cópia — Cópia",inactive,,,0,0,,150,Diário,0,0,0,,,,0,0,0,,,,,,,,,,,,,,,,,,
2026-03-10,2026-03-16,"F3 -  [V20] ESCALA 1-1-1 |24-44INSTA| VSL2 ESCALA 1",inactive,,,0,0,,150,Diário,0,0,0,,,,0,0,0,,,,,,,,,,,,,,,,,,
2026-03-10,2026-03-16,"F3 - [35] ESCALA HORIZONTAL (01) 1-1-1 | OPEN | VSL 2 | CBO",inactive,,,0,0,,200,Diário,0,0,0,,,,0,0,0,,,,,,,,,,,,,,,,,,
2026-03-10,2026-03-16,"F5 - [VX] NOVOS PUBLICOS 1-X-1 | VSL 2 | CBO",inactive,,,0,0,,"Usando o orçamento do conjunto de anúncios",0,0,0,0,,,,0,0,0,,,,,,,,,,,,,,,,,,
2026-03-10,2026-03-16,"F3 -  [V49] Advantage+  Campanha Campanha",inactive,,,0,0,,"Usando o orçamento do conjunto de anúncios",0,0,0,0,,,,0,0,0,,,,,,,,,,,,,,,,,,
2026-03-10,2026-03-16,"H1 (INTELIGENTE) ADV+ | V22",inactive,,,0,0,,50,Diário,0,0,0,,,,0,0,0,,,,,,,,,,,,,,,,,,
2026-03-10,2026-03-16,"[F1] - ESCALA- V50_T197",inactive,,,0,0,,150,Diário,0,0,0,,,,0,0,0,,,,,,,,,,,,,,,,,,
2026-03-10,2026-03-16,"[07/08/25] [MDA] [F] [AUTO] [VENDAS] [F4] [ARENA 197/247] [AD117]",inactive,,,0,0,,"Usando o orçamento do conjunto de anúncios",0,0,0,0,,,,0,0,0,,,,,,,,,,,,,,,,,,
2026-03-10,2026-03-16,"[25/11/25] [MDA] [F] [AUTO] [VENDAS] [ADV+] [VSL C] [PIXEL ANTIGO] [R$ 397,00] [1]",inactive,,,0,0,,"Usando o orçamento do conjunto de anúncios",0,0,0,0,,,,0,0,0,,,,,,,,,,,,,,,,,,
2026-03-10,2026-03-16,"[13/12/25] [MDA] [F] [AUTO] [VENDAS] [ADV+] [VSL A] [R$ 197,00] [1]",inactive,,,0,0,,"Usando o orçamento do conjunto de anúncios",0,0,0,0,,,,0,0,0,,,,,,,,,,,,,,,,,,
2026-03-10,2026-03-16,"[24/01/25] [MDA] [Q] [AUTO] [VENDAS] [REMARKETING] [VSL C] [R$ 197,00] [5]",inactive,,,0,0,,"Usando o orçamento do conjunto de anúncios",0,0,0,0,,,,0,0,0,,,,,,,,,,,,,,,,,,
2026-03-10,2026-03-16,"[06/02/26] [MDA] [F] [AUTO] [VENDAS] [ADV+] [VSL C] [R$ 197,00] [5]",inactive,,,0,0,,4500,Total,0,0,0,,,,0,0,0,,,,,,,,,,,,,,,,,,
2026-03-10,2026-03-16,"[24/02/26] [MDA] [F] [AUTO] [VENDAS] [ADV+] [VSL A] [R$ 197,00] [ABO] [AD14] [6]",inactive,,,0,0,,"Usando o orçamento do conjunto de anúncios",0,0,0,0,,,,0,0,0,,,,,,,,,,,,,,,,,,
2026-03-10,2026-03-16,"[08/03/26] [MDA] [F] [AUTO] [VENDAS] [ADV+] [VSL C] [R$ 197,00] [CBO] [AD194] [6]",inactive,,,0,0,,130,Diário,0,0,0,,,,0,0,0,,,,,,,,,,,,,,,,,,
2026-03-10,2026-03-16,"[C04] ZONA DE ESCALA CBO — Cópia",inactive,,,0,0,,50,Diário,0,0,0,,,,0,0,0,,,,,,,,,,,,,,,,,,
2026-03-10,2026-03-16,"F3 - ZONA DE FORMAÇÃO DO PÚBLICO 2 (ABO) 1-5-1",inactive,,,0,0,,"Usando o orçamento do conjunto de anúncios",0,0,0,0,,,,0,0,0,,,,,,,,,,,,,,,,,,
2026-03-10,2026-03-16,"F6 - [V04] 01 ESCALA VERTICAL PÚBLICO (CBO) 1-3-1 — Cópia",inactive,,,0,0,,20,Diário,0,0,0,,,,0,0,0,,,,,,,,,,,,,,,,,,
2026-03-10,2026-03-16,"F2.04 -  [V04] VSL 02 TESTE PÚBLICO  (CBO) 1-3-3 — Cópia — Cópia",inactive,,,0,0,,100,Diário,0,0,0,,,,0,0,0,,,,,,,,,,,,,,,,,,
2026-03-10,2026-03-16,"F2 -  [V04] VSL 02 TESTE PÚBLICO  (CBO) 1-3-3 — Cópia",inactive,,,0,0,,6,Diário,0,0,0,,,,0,0,0,,,,,,,,,,,,,,,,,,
2026-03-10,2026-03-16,"(F3) [V10] ESCALA 1-1-1 |P.01| 05/11 (ABO) = 50/DIA — Cópia",inactive,,,0,0,,98,Diário,0,0,0,,,,0,0,0,,,,,,,,,,,,,,,,,,
2026-03-10,2026-03-16,"F3 -  [V20] ESCALA 1-1-1 |22-45 INSTA| VSL2 (ABO) = — Cópia",inactive,,,0,0,,100,Diário,0,0,0,,,,0,0,0,,,,,,,,,,,,,,,,,,
2026-03-10,2026-03-16,"F3 - [V38]  LAL 2% (1-1-1)",inactive,,,0,0,,50,Diário,0,0,0,,,,0,0,0,,,,,,,,,,,,,,,,,,
2026-03-10,2026-03-16,"F1 -  OPEN ADV+ CREATIVE TEST (1-1-X)",inactive,,,0,0,,100,Diário,0,0,0,,,,0,0,0,,,,,,,,,,,,,,,,,,
2026-03-10,2026-03-16,"F3 -  [V29] 25-44 HM - INSTA+FACE (1-1-1) — Cópia",inactive,,,0,0,,250,Diário,0,0,0,,,,0,0,0,,,,,,,,,,,,,,,,,,
2026-03-10,2026-03-16,"F2 -  [V20] H 25-44 (1-3-1)",inactive,,,0,0,,500,Diário,0,0,0,,,,0,0,0,,,,,,,,,,,,,,,,,,
2026-03-10,2026-03-16,"F2 -   H 25-44 (1-3-1)",inactive,,,0,0,,150,Diário,0,0,0,,,,0,0,0,,,,,,,,,,,,,,,,,,
2026-03-10,2026-03-16,"F3 - [V22] ESCALA HORIZONTAL (02) 1-1-1 | PB-01| VSL 2 | CBO",inactive,,,0,0,,100,Diário,0,0,0,,,,0,0,0,,,,,,,,,,,,,,,,,,
2026-03-10,2026-03-16,"F2 - [V44] TESTE DE PUBLICOS (LAL 1%) 1-1-1  VSL 2",inactive,,,0,0,,"Usando o orçamento do conjunto de anúncios",0,0,0,0,,,,0,0,0,,,,,,,,,,,,,,,,,,
2026-03-10,2026-03-16,"[30/07/25] [MDA] [F] [AUTO] [VENDAS] [F4] [ARENA 247] [MAX CONV]",inactive,,,0,0,,"Usando o orçamento do conjunto de anúncios",0,0,0,0,,,,0,0,0,,,,,,,,,,,,,,,,,,
2026-03-10,2026-03-16,"[18/11/25] [LVC] [F] [AUTO] [VENDAS] [ADV+] [VSL B] [R$ 197,00] [1]",inactive,,,0,0,,"Usando o orçamento do conjunto de anúncios",0,0,0,0,,,,0,0,0,,,,,,,,,,,,,,,,,,
2026-03-10,2026-03-16,"[17/11/25] [MDA] [Q] [AUTO] [VENDAS] [REMARKETING] [VSL C] [R$ 197,00] [1] - PIXEL ERRADO",inactive,,,0,0,,"Usando o orçamento do conjunto de anúncios",0,0,0,0,,,,0,0,0,,,,,,,,,,,,,,,,,,
2026-03-10,2026-03-16,"[17/11/25] [MDA] [F] [AUTO] [VENDAS] [LKL COMPRADORES] [VSL A] [R$ 397,00] [1]",inactive,,,0,0,,"Usando o orçamento do conjunto de anúncios",0,0,0,0,,,,0,0,0,,,,,,,,,,,,,,,,,,
2026-03-10,2026-03-16,"[18/11/25] [MDA] [Q] [AUTO] [VENDAS] [REMARKETING] [VSL A] [R$ 197,00] [1]",inactive,,,0,0,,"Usando o orçamento do conjunto de anúncios",0,0,0,0,,,,0,0,0,,,,,,,,,,,,,,,,,,
2026-03-10,2026-03-16,"[25/11/25] [MDA] [F] [AUTO] [VENDAS] [ADV+] [VSL C] [PIXEL ANTIGO] [R$ 347,00] [1]",inactive,,,0,0,,"Usando o orçamento do conjunto de anúncios",0,0,0,0,,,,0,0,0,,,,,,,,,,,,,,,,,,
2026-03-10,2026-03-16,"[22/12/25] [LVC] [F] [AUTO] [VENDAS] [MIX PÚBLICOS] [VSL B] [R$ 197,00] [4]",inactive,,,0,0,,"Usando o orçamento do conjunto de anúncios",0,0,0,0,,,,0,0,0,,,,,,,,,,,,,,,,,,
2026-03-10,2026-03-16,"[03/01/26] [MDA] [F] [AUTO] [VENDAS] [ADV+] [VSL A] [R$ 197,00] [5]",inactive,,,0,0,,"Usando o orçamento do conjunto de anúncios",0,0,0,0,,,,0,0,0,,,,,,,,,,,,,,,,,,
2026-03-10,2026-03-16,"[12/02/26] [MDA] [F] [AUTO] [VENDAS] [ADV+] [VSL C] [R$ 197,00] [6]",inactive,,,0,0,,"Usando o orçamento do conjunto de anúncios",0,0,0,0,,,,0,0,0,,,,,,,,,,,,,,,,,,
2026-03-10,2026-03-16,"[03/03/26] [MDA] [F] [AUTO] [VENDAS] [ADV+] [VSL C] [R$ 197,00] [ABO] [AD178] [8]",inactive,,,0,0,,"Usando o orçamento do conjunto de anúncios",0,0,0,0,,,,0,0,0,,,,,,,,,,,,,,,,,,
2026-03-10,2026-03-16,"[08/03/26] [MDA] [F] [AUTO] [VENDAS] [ADV+] [VSL C] [R$ 197,00] [CBO] [AD150] [6]",inactive,,,0,0,,180,Diário,0,0,0,,,,0,0,0,,,,,,,,,,,,,,,,,,
2026-03-10,2026-03-16,"[00] ZONA DE ESCALA (CBO)",inactive,,,0,0,,18,Diário,0,0,0,,,,0,0,0,,,,,,,,,,,,,,,,,,
2026-03-10,2026-03-16,"F9 - [C04] 21/09 (CBO) 1-1-3",inactive,,,0,0,,85,Diário,0,0,0,,,,0,0,0,,,,,,,,,,,,,,,,,,
2026-03-10,2026-03-16,"F9 - [C04] 02/10 (CBO) 1-1-3 — Cópia — Cópia",inactive,,,0,0,,65,Diário,0,0,0,,,,0,0,0,,,,,,,,,,,,,,,,,,
2026-03-10,2026-03-16,"[F4] 2 (C04) 06/10 CBO 1-1-3= $96",inactive,,,0,0,,96,Diário,0,0,0,,,,0,0,0,,,,,,,,,,,,,,,,,,
2026-03-10,2026-03-16,"F4 - VALIDAÇÃO DO PÚBLICO {PB. 01 OPEN} (CBO) 1-3-3 — Cópia",inactive,,,0,0,,90,Diário,0,0,0,,,,0,0,0,,,,,,,,,,,,,,,,,,
2026-03-10,2026-03-16,"F6 - [V04] 01 ESCALA VERTICAL PÚBLICO (CBO) 1-3-1",inactive,,,0,0,,100,Diário,0,0,0,,,,0,0,0,,,,,,,,,,,,,,,,,,
2026-03-10,2026-03-16,"F3 -  [V04] ESCALA 1-1-1 |22-45 INSTA| VSL2 (ABO) = 50/DIA",inactive,,,0,0,,"Usando o orçamento do conjunto de anúncios",0,0,0,0,,,,0,0,0,,,,,,,,,,,,,,,,,,
2026-03-10,2026-03-16,"F3 -  [V15] ESCALA 1-1-1 |22-45 INSTA| VSL2 (ABO) = 50/DIA — Cópia — Cópia",inactive,,,0,0,,"Usando o orçamento do conjunto de anúncios",0,0,0,0,,,,0,0,0,,,,,,,,,,,,,,,,,,
2026-03-10,2026-03-16,"F3 -  [V10] ESCALA 1-1-1 |LLA 5%INSTA| VSL2 (ABO)",inactive,,,0,0,,"Usando o orçamento do conjunto de anúncios",0,0,0,0,,,,0,0,0,,,,,,,,,,,,,,,,,,
2026-03-10,2026-03-16,"F3 -  [V20] ESCALA 1-1-1 |22-35 INSTA| VSL2 (ABO) =",inactive,,,0,0,,50,Diário,0,0,0,,,,0,0,0,,,,,,,,,,,,,,,,,,
2026-03-10,2026-03-16,"F3 -  [V20] ESCALA 1-1-1 |22-45 INSTA| VSL2 (ABO) 497",inactive,,,0,0,,50,Diário,0,0,0,,,,0,0,0,,,,,,,,,,,,,,,,,,
2026-03-10,2026-03-16,"F3 -  [V19] ESCALA 1-1-1 |22-45 INSTA| VSL2 (ABO) = 497",inactive,,,0,0,,50,Diário,0,0,0,,,,0,0,0,,,,,,,,,,,,,,,,,,
2026-03-10,2026-03-16,"F3 -  [V20] OPEN 22-45 - INSTA (1-1-1)",inactive,,,0,0,,200,Diário,0,0,0,,,,0,0,0,,,,,,,,,,,,,,,,,,
2026-03-10,2026-03-16,"F3 -  [V26] ESCALA 1-1-1 |22-45 INSTA| VSL2",inactive,,,0,0,,150,Diário,0,0,0,,,,0,0,0,,,,,,,,,,,,,,,,,,
2026-03-10,2026-03-16,"F3 -  [V20] ESCALA 1-1-6 |LAL 1% — Cópia",inactive,,,0,0,,150,Diário,0,0,0,,,,0,0,0,,,,,,,,,,,,,,,,,,
2026-03-10,2026-03-16,"F3 -  [V35] ESCALA 1-1-1 |22-45 INSTA| VSL2 (ABO) =",inactive,,,0,0,,150,Diário,0,0,0,,,,0,0,0,,,,,,,,,,,,,,,,,,
2026-03-10,2026-03-16,"[F3] - ARENA 197",inactive,,,0,0,,20,Diário,0,0,0,,,,0,0,0,,,,,,,,,,,,,,,,,,
2026-03-10,2026-03-16,"F3 -  [V20] Advantage+  Campanha",inactive,,,0,0,,"Usando o orçamento do conjunto de anúncios",0,0,0,0,,,,0,0,0,,,,,,,,,,,,,,,,,,
2026-03-10,2026-03-16,"F3 -  [V10 - V19] Advantage+   Campanha",inactive,,,0,0,,"Usando o orçamento do conjunto de anúncios",0,0,0,0,,,,0,0,0,,,,,,,,,,,,,,,,,,
2026-03-10,2026-03-16,"H2 (LLA 1%) | V58",inactive,,,0,0,,50,Diário,0,0,0,,,,0,0,0,,,,,,,,,,,,,,,,,,
2026-03-10,2026-03-16,"[26/07/25] [MDA] [F] [AUTO] [VENDAS] [F2] [VALIDAÇÃO] [AD87] [197]",inactive,,,0,0,,150,Diário,0,0,0,,,,0,0,0,,,,,,,,,,,,,,,,,,
2026-03-10,2026-03-16,"[07/08/25] [MDA] [F] [AUTO] [VENDAS] [F4] [ARENA 197/247] [AD87]",inactive,,,0,0,,"Usando o orçamento do conjunto de anúncios",0,0,0,0,,,,0,0,0,,,,,,,,,,,,,,,,,,
2026-03-10,2026-03-16,"[11/11/25] [MDA] [F] [AUTO] [VENDAS] [MIX PÚBLICOS] [VSL A] [R$ 397,00] [2]",inactive,,,0,0,,"Usando o orçamento do conjunto de anúncios",0,0,0,0,,,,0,0,0,,,,,,,,,,,,,,,,,,
2026-03-10,2026-03-16,"[23/11/25] [LVC] [F] [AUTO] [VENDAS] [MIX PÚBLICOS] [VSL B] [R$ 197,00] [2]",inactive,,,0,0,,"Usando o orçamento do conjunto de anúncios",0,0,0,0,,,,0,0,0,,,,,,,,,,,,,,,,,,
2026-03-10,2026-03-16,"[06/01/26] [LVC] [F] [AUTO] [VENDAS] [ABERTO] [VSL B] [R$ 197,00] [5]",inactive,,,0,0,,"Usando o orçamento do conjunto de anúncios",0,0,0,0,,,,0,0,0,,,,,,,,,,,,,,,,,,
2026-03-10,2026-03-16,"[01] BOF WARM (PURCHASE)",inactive,,,0,0,,"Usando o orçamento do conjunto de anúncios",0,0,0,0,,,,0,0,0,,,,,,,,,,,,,,,,,,
2026-03-10,2026-03-16,"[01] BOF WARM (PURCHASE)",inactive,,,0,0,,"Usando o orçamento do conjunto de anúncios",0,0,0,0,,,,0,0,0,,,,,,,,,,,,,,,,,,
2026-03-10,2026-03-16,"[01] STABILITY ZONE IC Campanha",inactive,,,0,0,,"Usando o orçamento do conjunto de anúncios",0,0,0,0,,,,0,0,0,,,,,,,,,,,,,,,,,,
2026-03-10,2026-03-16,"[01] STABILITY ZONE C",inactive,,,0,0,,"Usando o orçamento do conjunto de anúncios",0,0,0,0,,,,0,0,0,,,,,,,,,,,,,,,,,,
2026-03-10,2026-03-16,"[02] FORMATION ZONE C",inactive,,,0,0,,"Usando o orçamento do conjunto de anúncios",0,0,0,0,,,,0,0,0,,,,,,,,,,,,,,,,,,
2026-03-10,2026-03-16,"[02] FORMATION ZONE IC — Cópia",inactive,,,0,0,,"Usando o orçamento do conjunto de anúncios",0,0,0,0,,,,0,0,0,,,,,,,,,,,,,,,,,,
2026-03-10,2026-03-16,"[03] SCALE ZONE C",inactive,,,0,0,,100,Diário,0,0,0,,,,0,0,0,,,,,,,,,,,,,,,,,,
2026-03-10,2026-03-16,"[03] SCALE ZONE C — Cópia",inactive,,,0,0,,100,Diário,0,0,0,,,,0,0,0,,,,,,,,,,,,,,,,,,
2026-03-10,2026-03-16,"[04] FORMATION ZONE C",inactive,,,0,0,,"Usando o orçamento do conjunto de anúncios",0,0,0,0,,,,0,0,0,,,,,,,,,,,,,,,,,,
2026-03-10,2026-03-16,"[05] FORMATION ZONE C — Cópia",inactive,,,0,0,,"Usando o orçamento do conjunto de anúncios",0,0,0,0,,,,0,0,0,,,,,,,,,,,,,,,,,,
2026-03-10,2026-03-16,"[06] FORMATION ZONE C",inactive,,,0,0,,50,Diário,0,0,0,,,,0,0,0,,,,,,,,,,,,,,,,,,
2026-03-10,2026-03-16,"[06] FORMATION ZONE C — Cópia — Cópia",inactive,,,0,0,,"Usando o orçamento do conjunto de anúncios",0,0,0,0,,,,0,0,0,,,,,,,,,,,,,,,,,,
2026-03-10,2026-03-16,"[06] SCALE ZONE",inactive,,,0,0,,"Usando o orçamento do conjunto de anúncios",0,0,0,0,,,,0,0,0,,,,,,,,,,,,,,,,,,
2026-03-10,2026-03-16,"[07] SCALE ZONE 2",inactive,,,0,0,,"Usando o orçamento do conjunto de anúncios",0,0,0,0,,,,0,0,0,,,,,,,,,,,,,,,,,,
2026-03-10,2026-03-16,"[08] STABILITY ZONE — BOF",inactive,,,0,0,,"Usando o orçamento do conjunto de anúncios",0,0,0,0,,,,0,0,0,,,,,,,,,,,,,,,,,,
2026-03-10,2026-03-16,"[09] SCALE ZONE 3",inactive,,,0,0,,"Usando o orçamento do conjunto de anúncios",0,0,0,0,,,,0,0,0,,,,,,,,,,,,,,,,,,
2026-03-10,2026-03-16,"[10] TEST ZONE [PUBLICOS/CRIATIVOS]",inactive,,,0,0,,"Usando o orçamento do conjunto de anúncios",0,0,0,0,,,,0,0,0,,,,,,,,,,,,,,,,,,
2026-03-10,2026-03-16,"[11] TEST ZONE [PUBLICOS/CRIATIVOS]",inactive,,,0,0,,"Usando o orçamento do conjunto de anúncios",0,0,0,0,,,,0,0,0,,,,,,,,,,,,,,,,,,
2026-03-10,2026-03-16,"[12] SCALE ZONE — ADVANTAGE",inactive,,,0,0,,60,Diário,0,0,0,,,,0,0,0,,,,,,,,,,,,,,,,,,
2026-03-10,2026-03-16,"[13] [TESTE] ESCALA PUBLICO",inactive,,,0,0,,"Usando o orçamento do conjunto de anúncios",0,0,0,0,,,,0,0,0,,,,,,,,,,,,,,,,,,
2026-03-10,2026-03-16,"[14] SCALE ZONE — [ESCALA AGRESSIVA] 1",inactive,,,0,0,,"Usando o orçamento do conjunto de anúncios",0,0,0,0,,,,0,0,0,,,,,,,,,,,,,,,,,,
2026-03-10,2026-03-16,"[15] SCALE ZONE — Cópia",inactive,,,0,0,,"Usando o orçamento do conjunto de anúncios",0,0,0,0,,,,0,0,0,,,,,,,,,,,,,,,,,,
2026-03-10,2026-03-16,"[06] SCALE ZONE [PUBLICO + POSICIONAMENTO]",inactive,,,0,0,,"Usando o orçamento do conjunto de anúncios",0,0,0,0,,,,0,0,0,,,,,,,,,,,,,,,,,,
2026-03-10,2026-03-16,"F3 -  [V20] - LAL 1% - INSTA+FACE (1-1-1)",inactive,,,0,0,,50,Diário,0,0,0,,,,0,0,0,,,,,,,,,,,,,,,,,,
2026-03-10,2026-03-16,"[10/06/25] [MDA] [F] [AUTO] [VENDAS] [F3] [2] [TESTE DE CRIATIVOS]",inactive,,,0,0,,"Usando o orçamento do conjunto de anúncios",0,0,0,0,,,,0,0,0,,,,,,,,,,,,,,,,,,
2026-03-10,2026-03-16,"[06] SCALE ZONE [PUBLICO + POSICIONAMENTO] — Cópia",inactive,,,0,0,,60,Diário,0,0,0,,,,0,0,0,,,,,,,,,,,,,,,,,,
2026-03-10,2026-03-16,"[15] SCALE ZONE [PUBLICO + ABERTO]",inactive,,,0,0,,60,Diário,0,0,0,,,,0,0,0,,,,,,,,,,,,,,,,,,
2026-03-10,2026-03-16,"[16] TEST ZONE PLR MILLION [PUBLICO]",inactive,,,0,0,,"Usando o orçamento do conjunto de anúncios",0,0,0,0,,,,0,0,0,,,,,,,,,,,,,,,,,,
2026-03-10,2026-03-16,"[17] TEST ZONE PLR FLIX [PUBLICO]",inactive,,,0,0,,"Usando o orçamento do conjunto de anúncios",0,0,0,0,,,,0,0,0,,,,,,,,,,,,,,,,,,
2026-03-10,2026-03-16,"[18] TEST ZONE PLR MILLION [PUBLICO] — Cópia",inactive,,,0,0,,65,Diário,0,0,0,,,,0,0,0,,,,,,,,,,,,,,,,,,
2026-03-10,2026-03-16,"[19] TEST ZONE PLR MILLION [PUBLICO]",inactive,,,0,0,,30,Diário,0,0,0,,,,0,0,0,,,,,,,,,,,,,,,,,,
2026-03-10,2026-03-16,"[20] TEST ZONE PLR MILLION [PUBLICO] — Cópia",inactive,,,0,0,,30,Diário,0,0,0,,,,0,0,0,,,,,,,,,,,,,,,,,,
2026-03-10,2026-03-16,"[16] TEST ZONE PLR MILLION [PUBLICO] — Cópia",inactive,,,0,0,,"Usando o orçamento do conjunto de anúncios",0,0,0,0,,,,0,0,0,,,,,,,,,,,,,,,,,,
2026-03-10,2026-03-16,"[00] ZONA DE ESTABILIDADE - REMARKETING TRAFFIC",inactive,,,0,0,,10,Diário,0,0,0,,,,0,0,0,,,,,,,,,,,,,,,,,,
2026-03-10,2026-03-16,"ASC PÚBLICO SALVO PB 01 (247)",inactive,,,0,0,,150,Diário,0,0,0,,,,0,0,0,,,,,,,,,,,,,,,,,,
2026-03-10,2026-03-16,"[17/11/25] [LVC] [Q] [AUTO] [VENDAS] [REMARKETING] [VSL B] [R$ 197,00] [1]",inactive,,,0,0,,"Usando o orçamento do conjunto de anúncios",0,0,0,0,,,,0,0,0,,,,,,,,,,,,,,,,,,
2026-03-10,2026-03-16,"[18/12/25] [LVC] [F] [AUTO] [VENDAS] [LKL COMPRADORES] [VSL B] [R$ 197,00] [2]",inactive,,,0,0,,"Usando o orçamento do conjunto de anúncios",0,0,0,0,,,,0,0,0,,,,,,,,,,,,,,,,,,
2026-03-10,2026-03-16,"[06/02/26] [LVC] [F] [AUTO] [VENDAS] [ADV+] [VSL B] [R$ 197,00] [5]",inactive,,,0,0,,6000,Total,0,0,0,,,,0,0,0,,,,,,,,,,,,,,,,,,
2026-03-10,2026-03-16,"[12/02/26] [MDA] [F] [AUTO] [VENDAS] [ADV+] [VSL A] [R$ 197,00] [6]",inactive,,,0,0,,"Usando o orçamento do conjunto de anúncios",0,0,0,0,,,,0,0,0,,,,,,,,,,,,,,,,,,
2026-03-10,2026-03-16,"[12/02/26] [MDA] [F] [AUTO] [VENDAS] [ADV+] [VSL A] [R$ 197,00] [6]",inactive,,,0,0,,"Usando o orçamento do conjunto de anúncios",0,0,0,0,,,,0,0,0,,,,,,,,,,,,,,,,,,
