"Início dos relatórios","Término dos relatórios","Nome do anúncio","Veiculação do anúncio",Resultados,"Indicador de resultados",Alcance,Frequência,"Custo por resultados","Orçamento do conjunto de anúncios","Tipo de orçamento do conjunto de anúncios","Valor usado (BRL)","Classificação de qualidade","Classificação da taxa de engajamento","Classificação da taxa de conversão",Impressões,"CPM (custo por 1.000 impressões) (BRL)","Cliques no link","CPC (custo por clique no link) (BRL)","CTR (taxa de cliques no link)","Cliques (todos)","CTR (todos)","CPC (todos) (BRL)","Custo por candidatura enviada (BRL)","Apps enviados","Inscrições no app para celular enviadas","Apps do site enviados","Candidaturas enviadas offline","Inscrições na Meta enviadas","Finalizações de compra iniciadas","Finalizações de compra iniciadas no app para celular","Finalizações de compra iniciadas no site","Finalizações de pagamento iniciadas offline","Finalizações da compra iniciadas na Meta","Custo por finalização de compra iniciada (BRL)",Compras,"Compras no app","Compras no site","Compras offline","Compras na Meta","Custo por compra (BRL)","Nome da campanha","Identificação da campanha","Nome do conjunto de anúncios","Identificação do conjunto de anúncios"
2026-02-16,2026-02-22,"AD149 [MDA] [VID] VENDA - CAIO EU LARGO MEU TRABALHO 02",not_delivering,8,actions:offsite_conversion.fb_pixel_purchase,91219,1.082307,172.6975,200,Diário,1381.58,"Na média","Acima da média","Na média",98727,13.993943,800,1.726975,0.810315,1860,1.883983,0.742785,,,,,,,113,,113,,,12.226372,8,,8,,,172.6975,"[18/11/25] [LVC] [F] [AUTO] [VENDAS] [ADV+] [VSL B] [R$ 197,00] [1]",120237047550310163,"00 -  Advantage+ [VSL B] - AD149 [MDA] [VID] VENDA - CAIO EU LARGO MEU TRABALHO 02",120238010963330163
2026-02-16,2026-02-22,"AD17 [MDA] [VID] VENDA - FAÇA DO YOUTUBE A SUA PROFISSÃO V5",not_delivering,7,actions:offsite_conversion.fb_pixel_purchase,13371,1.15384,87.53285714,150,Diário,612.73,"Na média","Na média","Na média",15428,39.715452,231,2.652511,1.497278,473,3.065854,1.295412,,,,,,,54,,54,,,11.346852,7,,7,,,87.532857,"[18/11/25] [LVC] [F] [AUTO] [VENDAS] [ADV+] [VSL B] [R$ 197,00] [1]",120237047550310163,"00 -  Advantage+ [VSL B] - AD17 [MDA] [VID] VENDA - FAÇA DO YOUTUBE A SUA PROFISSÃO V5",120238323485780163
2026-02-16,2026-02-22,"AD183 [MDA] [VID] VENDA - REMARKETING 12",not_delivering,,,0,0,,50,Diário,0,–,–,–,0,0,,,,0,0,0,,,,,,,,,,,,,,,,,,,"[13/12/25] [MDA] [Q] [AUTO] [VENDAS] [REMARKETING] [VSL A] [R$ 197,00] [1]",120238623515480163,"00 - Page View VSL A - 180D - AD183 [MDA] [VID] VENDA - REMARKETING 12",120238625480720163
2026-02-16,2026-02-22,"AD183 [MDA] [VID] VENDA - REMARKETING 12",not_delivering,,,0,0,,50,Diário,0,–,–,–,0,0,,,,0,0,0,,,,,,,,,,,,,,,,,,,"[13/12/25] [MDA] [Q] [AUTO] [VENDAS] [REMARKETING] [VSL C] [R$ 197,00] [1]",120238626928870163,"00 - Page View VSL C - 180D - AD183 [MDA] [VID] VENDA - REMARKETING 12",120238626928760163
2026-02-16,2026-02-22,"AD155 [MDA] [VID] VENDA - CAIO EU LARGO MEU TRABALHO 07",not_delivering,1,actions:offsite_conversion.fb_pixel_purchase,4401,1.083617,75.61,150,Diário,75.61,"Na média","Na média","Na média",4769,15.854477,34,2.223824,0.712938,61,1.279094,1.239508,,,,,,,6,,6,,,12.601667,1,,1,,,75.61,"[06/01/26] [LVC] [F] [AUTO] [VENDAS] [LKL PQ 365D] [VSL B] [R$ 197,00] [5]",120239726037500163,"00 - Lookalike 1% Pq 365d [VSL B]",120239726037590163
2026-02-16,2026-02-22,"AD58 [MDA] [VID] VENDA - AQUI O MEU CANAL JÁ TINHA",not_delivering,,,82,1.134146,,150,Diário,1.85,–,–,–,93,19.892473,2,0.925,2.150538,7,7.526882,0.264286,,,,,,,,,,,,,,,,,,,"[06/01/26] [LVC] [F] [AUTO] [VENDAS] [LKL PQ 365D] [VSL B] [R$ 197,00] [5]",120239726037500163,"00 - Lookalike 1% Pq 365d [VSL B]",120239726037590163
2026-02-16,2026-02-22,"AD17 [MDA] [VID] VENDA - FAÇA DO YOUTUBE A SUA PROFISSÃO V5",not_delivering,1,actions:offsite_conversion.fb_pixel_purchase,385,1.241558,23.46,150,Diário,23.46,–,–,–,478,49.079498,9,2.606667,1.882845,18,3.76569,1.303333,,,,,,,2,,2,,,11.73,1,,1,,,23.46,"[06/01/26] [LVC] [F] [AUTO] [VENDAS] [LKL PQ 365D] [VSL B] [R$ 197,00] [5]",120239726037500163,"00 - Lookalike 1% Pq 365d [VSL B]",120239726037590163
2026-02-16,2026-02-22,"AD150 [MDA] [VID] VENDA - CAIO EU LARGO MEU TRABALHO 03",not_delivering,1,actions:offsite_conversion.fb_pixel_purchase,6966,1.199254,196.43,150,Diário,196.43,"Na média","Na média","Na média",8354,23.513287,95,2.067684,1.13718,172,2.058894,1.142035,,,,,,,18,,18,,,10.912778,1,,1,,,196.43,"[06/01/26] [LVC] [F] [AUTO] [VENDAS] [LKL PQ 365D] [VSL B] [R$ 197,00] [5]",120239726037500163,"00 - Lookalike 1% Pq 365d [VSL B]",120239726037590163
2026-02-16,2026-02-22,"AD154 [MDA] [VID] VENDA - CAIO EU LARGO MEU TRABALHO 06",not_delivering,6,actions:offsite_conversion.fb_pixel_purchase,13664,1.223946,57.95,150,Diário,347.7,"Na média","Na média","Na média",16724,20.790481,202,1.721287,1.207845,346,2.068883,1.004913,,,,,,,32,,32,,,10.865625,6,,6,,,57.95,"[06/01/26] [LVC] [F] [AUTO] [VENDAS] [LKL PQ 365D] [VSL B] [R$ 197,00] [5]",120239726037500163,"00 - Lookalike 1% Pq 365d [VSL B]",120239726037590163
2026-02-16,2026-02-22,"AD188 [MDA] [VID] VENDA - ELE TA GANHANDO MAIS",not_delivering,,,0,0,,100,Diário,0,–,–,–,0,0,,,,0,0,0,,,,,,,,,,,,,,,,,,,"[18/11/25] [LVC] [F] [AUTO] [VENDAS] [ADV+] [VSL B] [R$ 197,00] [1]",120237047550310163,"00 -  Advantage+ [VSL B] - AD188 [MDA] [VID] VENDA - ELE TA GANHANDO MAIS",120240072356180163
2026-02-16,2026-02-22,"AD101 [MDA] [VID] VENDA - VOU TE REVELAR O SEGREDO V11",not_delivering,,,0,0,,50,Diário,0,–,–,–,0,0,,,,0,0,0,,,,,,,,,,,,,,,,,,,"[18/11/25] [LVC] [F] [AUTO] [VENDAS] [ADV+] [VSL B] [R$ 197,00] [1]",120237047550310163,"00 -  Advantage+ [VSL B] - AD101 [MDA] [VID] VENDA - VOU TE REVELAR O SEGREDO V11",120240193675450163
2026-02-16,2026-02-22,"AD187 [MDA] [VID] VENDA - OLHA QUANTO ESSE",not_delivering,,,0,0,,200,Diário,0,–,–,–,0,0,,,,0,0,0,,,,,,,,,,,,,,,,,,,"[22/12/25] [MDA] [F] [AUTO] [VENDAS] [MIX PÚBLICOS] [VSL C] [R$ 197,00] [4]",120239177089580163,"[00 - Aberto] [VSL C] - Best Ads [3°  Semana Jan26]",120240315900810163
2026-02-16,2026-02-22,"AD158 [MDA] [VID] VENDA - DA PRA GANHAR MUITA GRANA",not_delivering,,,0,0,,200,Diário,0,–,–,–,0,0,,,,0,0,0,,,,,,,,,,,,,,,,,,,"[22/12/25] [MDA] [F] [AUTO] [VENDAS] [MIX PÚBLICOS] [VSL C] [R$ 197,00] [4]",120239177089580163,"[00 - Aberto] [VSL C] - Best Ads [3°  Semana Jan26]",120240315900810163
2026-02-16,2026-02-22,"AD07 [MDA] [VID] VENDA - 1 MISSÃO, MONETIZAR MAIS 1",not_delivering,,,0,0,,200,Diário,0,–,–,–,0,0,,,,0,0,0,,,,,,,,,,,,,,,,,,,"[22/12/25] [MDA] [F] [AUTO] [VENDAS] [MIX PÚBLICOS] [VSL C] [R$ 197,00] [4]",120239177089580163,"[00 - Aberto] [VSL C] - Best Ads [3°  Semana Jan26]",120240315900810163
2026-02-16,2026-02-22,"AD189 [MDA] [VID] VENDA - SE VOCÊ OLHAR NO MEU",not_delivering,,,0,0,,200,Diário,0,–,–,–,0,0,,,,0,0,0,,,,,,,,,,,,,,,,,,,"[22/12/25] [MDA] [F] [AUTO] [VENDAS] [MIX PÚBLICOS] [VSL C] [R$ 197,00] [4]",120239177089580163,"[00 - Aberto] [VSL C] - Best Ads [3°  Semana Jan26]",120240315900810163
2026-02-16,2026-02-22,"AD149 [MDA] [VID] VENDA - CAIO EU LARGO MEU TRABALHO 02",not_delivering,,,0,0,,100,Diário,0,–,–,–,0,0,,,,0,0,0,,,,,,,,,,,,,,,,,,,"[22/12/25] [LVC] [F] [AUTO] [VENDAS] [MIX PÚBLICOS] [VSL B] [R$ 197,00] [4]",120239176137660163,"[00 - Aberto] [VSL B] - Best Ads [Geral Janeiro]",120240429784550163
2026-02-16,2026-02-22,"AD154 [MDA] [VID] VENDA - CAIO EU LARGO MEU TRABALHO 06",not_delivering,,,0,0,,100,Diário,0,–,–,–,0,0,,,,0,0,0,,,,,,,,,,,,,,,,,,,"[22/12/25] [LVC] [F] [AUTO] [VENDAS] [MIX PÚBLICOS] [VSL B] [R$ 197,00] [4]",120239176137660163,"[00 - Aberto] [VSL B] - Best Ads [Geral Janeiro]",120240429784550163
2026-02-16,2026-02-22,"AD153 [MDA] [VID] VENDA - CAIO EU LARGO MEU TRABALHO V2",not_delivering,,,0,0,,100,Diário,0,–,–,–,0,0,,,,0,0,0,,,,,,,,,,,,,,,,,,,"[22/12/25] [LVC] [F] [AUTO] [VENDAS] [MIX PÚBLICOS] [VSL B] [R$ 197,00] [4]",120239176137660163,"[00 - Aberto] [VSL B] - Best Ads [Geral Janeiro]",120240429784550163
2026-02-16,2026-02-22,"AD151 [MDA] [VID] VENDA - CAIO EU LARGO MEU TRABALHO 04",not_delivering,,,0,0,,100,Diário,0,–,–,–,0,0,,,,0,0,0,,,,,,,,,,,,,,,,,,,"[22/12/25] [LVC] [F] [AUTO] [VENDAS] [MIX PÚBLICOS] [VSL B] [R$ 197,00] [4]",120239176137660163,"[00 - Aberto] [VSL B] - Best Ads [Geral Janeiro]",120240429784550163
2026-02-16,2026-02-22,"AD17 [MDA] [VID] VENDA - FAÇA DO YOUTUBE A SUA PROFISSÃO V5",not_delivering,,,0,0,,100,Diário,0,–,–,–,0,0,,,,0,0,0,,,,,,,,,,,,,,,,,,,"[22/12/25] [LVC] [F] [AUTO] [VENDAS] [MIX PÚBLICOS] [VSL B] [R$ 197,00] [4]",120239176137660163,"[00 - Aberto] [VSL B] - Best Ads [Geral Janeiro]",120240429784550163
2026-02-16,2026-02-22,"AD61 [MDA] [VID] VENDA - SÓ FICA RICO NO BRASIL",not_delivering,,,0,0,,50,Diário,0,–,–,–,0,0,,,,0,0,0,,,,,,,,,,,,,,,,,,,"[18/11/25] [LVC] [F] [AUTO] [VENDAS] [ADV+] [VSL B] [R$ 197,00] [1]",120237047550310163,"00 -  Advantage+ [VSL B] - AD61 [MDA] [VID] VENDA - SÓ FICA RICO NO BRASIL",120240513549680163
2026-02-16,2026-02-22,"AD190 [MDA] [VID] VENDA - PARA DE FICAR ACREDITANDO V2",not_delivering,,,0,0,,50,Diário,0,–,–,–,0,0,,,,0,0,0,,,,,,,,,,,,,,,,,,,"[18/11/25] [LVC] [F] [AUTO] [VENDAS] [ADV+] [VSL B] [R$ 197,00] [1]",120237047550310163,"00 -  Advantage+ [VSL B] - AD190 [MDA] [VID] VENDA - PARA DE FICAR ACREDITANDO V2",120240513857320163
2026-02-16,2026-02-22,"AD194 [MDA] [VID] VENDA - NÃO PERDE TEMPO",not_delivering,4,actions:offsite_conversion.fb_pixel_purchase,3457,1.668499,90.5475,80,Diário,362.19,"Abaixo da média – 35% mais baixos dos anúncios","Na média","Na média",5768,62.792996,116,3.122328,2.011096,161,2.791262,2.249627,,,,,,,13,,13,,,27.860769,4,,4,,,90.5475,"[13/12/25] [MDA] [F] [AUTO] [VENDAS] [ADV+] [VSL C] [R$ 197,00] [1]",120238621687030163,"00 - Advantage+ [VSL C] - AD194 [MDA] [VID] VENDA - NÃO PERDE TEMPO",120240843511050163
2026-02-16,2026-02-22,"AD62 [MDA] [VID] VENDA - O YOUTUBE MUDOU AGORA",not_delivering,,,0,0,,50,Diário,0,–,–,–,0,0,,,,0,0,0,,,,,,,,,,,,,,,,,,,"[13/12/25] [MDA] [F] [AUTO] [VENDAS] [ADV+] [VSL C] [R$ 197,00] [1]",120238621687030163,"00 - Advantage+ [VSL C] - AD62 [MDA] [VID] VENDA - O YOUTUBE MUDOU AGORA",120240843681090163
2026-02-16,2026-02-22,"AD68 [MDA] [VID] VENDA - VOCÊ ACORDA CEDO",not_delivering,2,actions:offsite_conversion.fb_pixel_purchase,5591,1.10964,145.18,80,Diário,290.36,–,–,–,6204,46.802063,114,2.547018,1.837524,176,2.836879,1.649773,,,,,,,23,,23,,,12.624348,2,,2,,,145.18,"[18/11/25] [LVC] [F] [AUTO] [VENDAS] [ADV+] [VSL B] [R$ 197,00] [1]",120237047550310163,"00 -  Advantage+ [VSL B] - AD68 [MDA] [VID] VENDA - VOCÊ ACORDA CEDO",120241194675970163
2026-02-16,2026-02-22,"AD153 [MDA] [VID] VENDA - CAIO EU LARGO MEU TRABALHO V2",not_delivering,7,actions:offsite_conversion.fb_pixel_purchase,59538,1.075599,142.48,200,Diário,997.36,"Na média","Acima da média","Na média",64039,15.574259,518,1.925405,0.808882,1196,1.867612,0.833913,,,,,,,71,,71,,,14.047324,7,,7,,,142.48,"[18/11/25] [LVC] [F] [AUTO] [VENDAS] [ADV+] [VSL B] [R$ 197,00] [1]",120237047550310163,"00 -  Advantage+ [VSL B] - AD153 [MDA] [VID] VENDA - CAIO EU LARGO MEU TRABALHO V2",120238011492190163
2026-02-16,2026-02-22,"AD155 [MDA] [VID] VENDA - CAIO EU LARGO MEU TRABALHO 07",not_delivering,5,actions:offsite_conversion.fb_pixel_purchase,16075,1.106003,53.664,100,Diário,268.32,"Na média","Na média","Na média",17779,15.091962,166,1.616386,0.933686,290,1.631138,0.925241,,,,,,,30,,30,,,8.944,5,,5,,,53.664,"[22/12/25] [LVC] [F] [AUTO] [VENDAS] [MIX PÚBLICOS] [VSL B] [R$ 197,00] [4]",120239176137660163,"[00 - Aberto] [VSL B]",120239176137740163
2026-02-16,2026-02-22,"AD154 [MDA] [VID] VENDA - CAIO EU LARGO MEU TRABALHO 06",not_delivering,1,actions:offsite_conversion.fb_pixel_purchase,7201,1.091098,116.83,100,Diário,116.83,"Na média","Na média","Na média",7857,14.869543,70,1.669,0.890925,129,1.641848,0.905659,,,,,,,11,,11,,,10.620909,1,,1,,,116.83,"[22/12/25] [LVC] [F] [AUTO] [VENDAS] [MIX PÚBLICOS] [VSL B] [R$ 197,00] [4]",120239176137660163,"[00 - Aberto] [VSL B]",120239176137740163
2026-02-16,2026-02-22,"AD17 [MDA] [VID] VENDA - FAÇA DO YOUTUBE A SUA PROFISSÃO V5",not_delivering,1,actions:offsite_conversion.fb_pixel_purchase,96,1.104167,3.1,100,Diário,3.1,–,–,–,106,29.245283,2,1.55,1.886792,6,5.660377,0.516667,,,,,,,,,,,,,1,,1,,,3.1,"[22/12/25] [LVC] [F] [AUTO] [VENDAS] [MIX PÚBLICOS] [VSL B] [R$ 197,00] [4]",120239176137660163,"[00 - Aberto] [VSL B]",120239176137740163
2026-02-16,2026-02-22,"AD150 [MDA] [VID] VENDA - CAIO EU LARGO MEU TRABALHO 03",not_delivering,,,2186,1.057182,,100,Diário,43.44,"Na média","Na média","Na média",2311,18.797058,16,2.715,0.692341,28,1.211597,1.551429,,,,,,,3,,3,,,14.48,,,,,,,"[22/12/25] [LVC] [F] [AUTO] [VENDAS] [MIX PÚBLICOS] [VSL B] [R$ 197,00] [4]",120239176137660163,"[00 - Aberto] [VSL B]",120239176137740163
2026-02-16,2026-02-22,"AD58 [MDA] [VID] VENDA - AQUI O MEU CANAL JÁ TINHA",inactive,,,0,0,,100,Diário,0,–,–,–,0,0,,,,0,0,0,,,,,,,,,,,,,,,,,,,"[22/12/25] [LVC] [F] [AUTO] [VENDAS] [MIX PÚBLICOS] [VSL B] [R$ 197,00] [4]",120239176137660163,"[00 - Aberto] [VSL B]",120239176137740163
2026-02-16,2026-02-22,"AD17 [MDA] [VID] VENDA - FAÇA DO YOUTUBE A SUA PROFISSÃO V5",not_delivering,,,0,0,,400,Diário,0,–,–,–,0,0,,,,0,0,0,,,,,,,,,,,,,,,,,,,"[06/01/26] [LVC] [F] [AUTO] [VENDAS] [LKL PQ 365D] [VSL B] [R$ 197,00] [5]",120239726037500163,"00 - Lookalike 1% Pq 365d [VSL B] - 1",120240064195440163
2026-02-16,2026-02-22,"AD58 [MDA] [VID] VENDA - AQUI O MEU CANAL JÁ TINHA",not_delivering,,,0,0,,400,Diário,0,–,–,–,0,0,,,,0,0,0,,,,,,,,,,,,,,,,,,,"[06/01/26] [LVC] [F] [AUTO] [VENDAS] [LKL PQ 365D] [VSL B] [R$ 197,00] [5]",120239726037500163,"00 - Lookalike 1% Pq 365d [VSL B] - 1",120240064195440163
2026-02-16,2026-02-22,"AD155 [MDA] [VID] VENDA - CAIO EU LARGO MEU TRABALHO 07",not_delivering,,,0,0,,400,Diário,0,–,–,–,0,0,,,,0,0,0,,,,,,,,,,,,,,,,,,,"[06/01/26] [LVC] [F] [AUTO] [VENDAS] [LKL PQ 365D] [VSL B] [R$ 197,00] [5]",120239726037500163,"00 - Lookalike 1% Pq 365d [VSL B] - 1",120240064195440163
2026-02-16,2026-02-22,"AD04 [MDA] [VID] VENDA - PRA QUÊ EU VOU FAZER",not_delivering,3,actions:offsite_conversion.fb_pixel_purchase,15603,1.11767,172.73,150,Diário,518.19,"Na média","Na média","Na média",17439,29.714433,217,2.387972,1.244337,367,2.104478,1.411962,,,,,,,45,,45,,,11.515333,3,,3,,,172.73,"[18/11/25] [LVC] [F] [AUTO] [VENDAS] [ADV+] [VSL B] [R$ 197,00] [1]",120237047550310163,"00 -  Advantage+ [VSL B] - AD04 [MDA] [VID] VENDA - PRA QUÊ EU VOU FAZER",120240193206640163
2026-02-16,2026-02-22,"AD59 [MDA] [VID] VENDA - FAÇA DO YOUTUBE A SUA PROFISSÃO V7",not_delivering,,,0,0,,80,Diário,0,–,–,–,0,0,,,,0,0,0,,,,,,,,,,,,,,,,,,,"[18/11/25] [LVC] [F] [AUTO] [VENDAS] [ADV+] [VSL B] [R$ 197,00] [1]",120237047550310163,"00 -  Advantage+ [VSL B] - AD59 [MDA] [VID] VENDA - FAÇA DO YOUTUBE A SUA PROFISSÃO V7",120240193801070163
2026-02-16,2026-02-22,"AD189 [MDA] [VID] VENDA - SE VOCÊ OLHAR NO MEU",not_delivering,,,0,0,,100,Diário,0,–,–,–,0,0,,,,0,0,0,,,,,,,,,,,,,,,,,,,"[13/12/25] [MDA] [F] [AUTO] [VENDAS] [ADV+] [VSL C] [R$ 197,00] [1]",120238621687030163,"00 - Advantage+ [VSL C] - AD189 [MDA] [VID] VENDA - SE VOCÊ OLHAR NO MEU",120240315617930163
2026-02-16,2026-02-22,"AD162 [MDA] [VID] VENDA - REMARKETING 1",inactive,,,0,0,,100,Diário,0,–,–,–,0,0,,,,0,0,0,,,,,,,,,,,,,,,,,,,"[24/01/25] [MDA] [Q] [AUTO] [VENDAS] [REMARKETING] [VSL C] [R$ 197,00] [5]",120240432066700163,"00 - Page View VSL C - 180D - Best Ads Geral Jan",120240432066830163
2026-02-16,2026-02-22,"AD165 [MDA] [VID] VENDA - REMARKETING 4",not_delivering,,,87,1.298851,,100,Diário,6.46,–,–,–,113,57.168142,,,,0,0,0,,,,,,,,,,,,,,,,,,,"[24/01/25] [MDA] [Q] [AUTO] [VENDAS] [REMARKETING] [VSL C] [R$ 197,00] [5]",120240432066700163,"00 - Page View VSL C - 180D - Best Ads Geral Jan",120240432066830163
2026-02-16,2026-02-22,"AD182 [MDA] [VID] VENDA - REMARKETING 11",not_delivering,,,106,1.216981,,100,Diário,13.36,–,–,–,129,103.565891,3,4.453333,2.325581,2,1.550388,6.68,,,,,,,,,,,,,,,,,,,"[24/01/25] [MDA] [Q] [AUTO] [VENDAS] [REMARKETING] [VSL C] [R$ 197,00] [5]",120240432066700163,"00 - Page View VSL C - 180D - Best Ads Geral Jan",120240432066830163
2026-02-16,2026-02-22,"AD183 [MDA] [VID] VENDA - REMARKETING 12",not_delivering,,,9,1.111111,,100,Diário,0.22,–,–,–,10,22,,,,0,0,0,,,,,,,,,,,,,,,,,,,"[24/01/25] [MDA] [Q] [AUTO] [VENDAS] [REMARKETING] [VSL C] [R$ 197,00] [5]",120240432066700163,"00 - Page View VSL C - 180D - Best Ads Geral Jan",120240432066830163
2026-02-16,2026-02-22,"AD62 [MDA] [VID] VENDA - O YOUTUBE MUDOU AGORA",not_delivering,,,0,0,,50,Diário,0,–,–,–,0,0,,,,0,0,0,,,,,,,,,,,,,,,,,,,"[18/11/25] [LVC] [F] [AUTO] [VENDAS] [ADV+] [VSL B] [R$ 197,00] [1]",120237047550310163,"00 -  Advantage+ [VSL B] - AD62 [MDA] [VID] VENDA - O YOUTUBE MUDOU AGORA",120240513498740163
2026-02-16,2026-02-22,"AD04 [MDA] [VID] VENDA - PRA QUÊ EU VOU FAZER",not_delivering,,,40,1,,200,Diário,0.77,–,–,–,40,19.25,,,,1,2.5,0.77,,,,,,,,,,,,,,,,,,,"[22/12/25] [LVC] [F] [AUTO] [VENDAS] [MIX PÚBLICOS] [VSL B] [R$ 197,00] [4]",120239176137660163,"[00 - Aberto] [VSL B] - Best Ads [3° Semana]",120240676444450163
2026-02-16,2026-02-22,"AD17 [MDA] [VID] VENDA - FAÇA DO YOUTUBE A SUA PROFISSÃO V5",not_delivering,1,actions:offsite_conversion.fb_pixel_purchase,1732,1.437644,71.73,200,Diário,71.73,"Abaixo da média – 35% mais baixos dos anúncios","Na média","Na média",2490,28.807229,34,2.109706,1.365462,82,3.293173,0.874756,,,,,,,14,,14,,,5.123571,1,,1,,,71.73,"[22/12/25] [LVC] [F] [AUTO] [VENDAS] [MIX PÚBLICOS] [VSL B] [R$ 197,00] [4]",120239176137660163,"[00 - Aberto] [VSL B] - Best Ads [3° Semana]",120240676444450163
2026-02-16,2026-02-22,"AD07 [MDA] [VID] VENDA - 1 MISSÃO, MONETIZAR MAIS 1",not_delivering,8,actions:offsite_conversion.fb_pixel_purchase,46864,1.203098,98.99,200,Diário,791.92,"Na média","Acima da média","Na média",56382,14.045617,501,1.580679,0.888581,1050,1.862296,0.75421,,,,,,,77,,77,,,10.284675,8,,8,,,98.99,"[22/12/25] [LVC] [F] [AUTO] [VENDAS] [MIX PÚBLICOS] [VSL B] [R$ 197,00] [4]",120239176137660163,"[00 - Aberto] [VSL B] - Best Ads [3° Semana]",120240676444450163
2026-02-16,2026-02-22,"AD06 [LVC] [VID] VENDA - SABE O QUE DA DINHEIRO HOJE",not_delivering,,,62,1.112903,,200,Diário,1.39,–,–,–,69,20.144928,,,,1,1.449275,1.39,,,,,,,,,,,,,,,,,,,"[22/12/25] [LVC] [F] [AUTO] [VENDAS] [MIX PÚBLICOS] [VSL B] [R$ 197,00] [4]",120239176137660163,"[00 - Aberto] [VSL B] - Best Ads [3° Semana]",120240676444450163
2026-02-16,2026-02-22,"AD61 [MDA] [VID] VENDA - SÓ FICA RICO NO BRASIL — Cópia",not_delivering,,,0,0,,50,Diário,0,–,–,–,0,0,,,,0,0,0,,,,,,,,,,,,,,,,,,,"[13/12/25] [MDA] [F] [AUTO] [VENDAS] [ADV+] [VSL C] [R$ 197,00] [1]",120238621687030163,"00 - Advantage+ [VSL C] - AD61 [MDA] [VID] VENDA - SÓ FICA RICO NO BRASIL",120240843707880163
2026-02-16,2026-02-22,"AD58 [MDA] [VID] VENDA - AQUI O MEU CANAL JÁ TINHA",not_delivering,1,actions:offsite_conversion.fb_pixel_purchase,16539,1.08876,386.41,80,Diário,386.41,"Abaixo da média – 35% mais baixos dos anúncios","Acima da média","Na média",18007,21.458877,155,2.492968,0.860776,228,1.266174,1.694781,,,,,,,28,,28,,,13.800357,1,,1,,,386.41,"[18/11/25] [LVC] [F] [AUTO] [VENDAS] [ADV+] [VSL B] [R$ 197,00] [1]",120237047550310163,"00 -  Advantage+ [VSL B] - AD58 [MDA] [VID] VENDA - AQUI O MEU CANAL JÁ TINHA",120241193760250163
2026-02-16,2026-02-22,"AD02 [MDA] [VID] VENDA - EU ACABEI DE CRIAR UM NOVO",not_delivering,,,0,0,,80,Diário,0,–,–,–,0,0,,,,0,0,0,,,,,,,,,,,,,,,,,,,"[13/12/25] [MDA] [F] [AUTO] [VENDAS] [ADV+] [VSL C] [R$ 197,00] [1]",120238621687030163,"00 - Advantage+ [VSL C] - AD02 [MDA] [VID] VENDA - EU ACABEI DE CRIAR UM NOVO",120241703719070163
2026-02-16,2026-02-22,"AD43 [MDA] [VID] VENDA - EU ACABEI DE CRIAR UM NOVO V4",not_delivering,,,0,0,,80,Diário,0,–,–,–,0,0,,,,0,0,0,,,,,,,,,,,,,,,,,,,"[13/12/25] [MDA] [F] [AUTO] [VENDAS] [ADV+] [VSL C] [R$ 197,00] [1]",120238621687030163,"00 - Advantage+ [VSL C] - AD43 [MDA] [VID] VENDA - EU ACABEI DE CRIAR UM NOVO V4",120241703816040163
2026-02-16,2026-02-22,"AD151 [MDA] [VID] VENDA - CAIO EU LARGO MEU TRABALHO 04",not_delivering,,,0,0,,100,Diário,0,–,–,–,0,0,,,,0,0,0,,,,,,,,,,,,,,,,,,,"[18/11/25] [LVC] [F] [AUTO] [VENDAS] [ADV+] [VSL B] [R$ 197,00] [1]",120237047550310163,"00 -  Advantage+ [VSL B] - AD151 [MDA] [VID] VENDA - CAIO EU LARGO MEU TRABALHO 04",120238011256970163
2026-02-16,2026-02-22,"AD67 [MDA] [VID] VENDA - OLHA SÓ ESSA PLACA V2",not_delivering,,,0,0,,100,Diário,0,–,–,–,0,0,,,,0,0,0,,,,,,,,,,,,,,,,,,,"[13/12/25] [MDA] [F] [AUTO] [VENDAS] [ADV+] [VSL C] [R$ 197,00] [1]",120238621687030163,"00 - Advantage+ [VSL C] - AD67 [MDA] [VID] VENDA - OLHA SÓ ESSA PLACA V2",120238621687200163
2026-02-16,2026-02-22,"AD182 [MDA] [VID] VENDA - REMARKETING 11",active,6,actions:offsite_conversion.fb_pixel_purchase,3630,1.869972,115.69333333,65,Diário,694.16,"Abaixo da média – 35% mais baixos dos anúncios","Na média","Na média",6788,102.262817,88,7.888182,1.296405,141,2.077195,4.923121,,,,,,,13,,13,,,53.396923,6,,6,,,115.693333,"[13/12/25] [MDA] [Q] [AUTO] [VENDAS] [REMARKETING] [VSL C] [R$ 197,00] [1]",120238626928870163,"00 - Page View VSL C - 180D - AD182 [MDA] [VID] VENDA - REMARKETING 11",120238626928800163
2026-02-16,2026-02-22,"AD154 [MDA] [VID] VENDA - CAIO EU LARGO MEU TRABALHO 06",inactive,,,0,0,,423.08,Diário,0,–,–,–,0,0,,,,0,0,0,,,,,,,,,,,,,,,,,,,"[22/12/25] [MDA] [F] [AUTO] [VENDAS] [MIX PÚBLICOS] [VSL C] [R$ 197,00] [4]",120239177089580163,"[00 - Aberto] [VSL C] - Best Ads [Gerais]",120239177089680163
2026-02-16,2026-02-22,"AD150 [MDA] [VID] VENDA - CAIO EU LARGO MEU TRABALHO 03",not_delivering,9,actions:offsite_conversion.fb_pixel_purchase,22548,2.446071,98.33333333,423.08,Diário,885,"Abaixo da média – 35% mais baixos dos anúncios","Na média","Na média",55154,16.04598,237,3.734177,0.429706,408,0.739747,2.169118,,,,,,,26,,26,,,34.038462,9,,9,,,98.333333,"[22/12/25] [MDA] [F] [AUTO] [VENDAS] [MIX PÚBLICOS] [VSL C] [R$ 197,00] [4]",120239177089580163,"[00 - Aberto] [VSL C] - Best Ads [Gerais]",120239177089680163
2026-02-16,2026-02-22,"AD58 [MDA] [VID] VENDA - AQUI O MEU CANAL JÁ TINHA",inactive,7,actions:offsite_conversion.fb_pixel_purchase,17980,3.601502,121.92857143,423.08,Diário,853.5,"Abaixo da média – 35% mais baixos dos anúncios","Na média","Na média",64755,13.180449,286,2.984266,0.441665,490,0.756698,1.741837,,,,,,,22,,22,,,38.795455,7,,7,,,121.928571,"[22/12/25] [MDA] [F] [AUTO] [VENDAS] [MIX PÚBLICOS] [VSL C] [R$ 197,00] [4]",120239177089580163,"[00 - Aberto] [VSL C] - Best Ads [Gerais]",120239177089680163
2026-02-16,2026-02-22,"AD155 [MDA] [VID] VENDA - CAIO EU LARGO MEU TRABALHO 07",not_delivering,,,278,1.082734,,423.08,Diário,5.27,–,–,–,301,17.508306,,,,3,0.996678,1.756667,,,,,,,,,,,,,,,,,,,"[22/12/25] [MDA] [F] [AUTO] [VENDAS] [MIX PÚBLICOS] [VSL C] [R$ 197,00] [4]",120239177089580163,"[00 - Aberto] [VSL C] - Best Ads [Gerais]",120239177089680163
2026-02-16,2026-02-22,"AD17 [MDA] [VID] VENDA - FAÇA DO YOUTUBE A SUA PROFISSÃO V5",inactive,,,0,0,,423.08,Diário,0,–,–,–,0,0,,,,0,0,0,,,,,,,,,,,,,,,,,,,"[22/12/25] [MDA] [F] [AUTO] [VENDAS] [MIX PÚBLICOS] [VSL C] [R$ 197,00] [4]",120239177089580163,"[00 - Aberto] [VSL C] - Best Ads [Gerais]",120239177089680163
2026-02-16,2026-02-22,"AD154 [MDA] [VID] VENDA - CAIO EU LARGO MEU TRABALHO 06",not_delivering,,,0,0,,400,Diário,0,–,–,–,0,0,,,,0,0,0,,,,,,,,,,,,,,,,,,,"[06/01/26] [LVC] [F] [AUTO] [VENDAS] [LKL PQ 365D] [VSL B] [R$ 197,00] [5]",120239726037500163,"00 - Lookalike 1% Pq 365d [VSL B] - 1",120240064195440163
2026-02-16,2026-02-22,"AD150 [MDA] [VID] VENDA - CAIO EU LARGO MEU TRABALHO 03",not_delivering,,,0,0,,400,Diário,0,–,–,–,0,0,,,,0,0,0,,,,,,,,,,,,,,,,,,,"[06/01/26] [LVC] [F] [AUTO] [VENDAS] [LKL PQ 365D] [VSL B] [R$ 197,00] [5]",120239726037500163,"00 - Lookalike 1% Pq 365d [VSL B] - 1",120240064195440163
2026-02-16,2026-02-22,"AD07 [MDA] [VID] VENDA - 1 MISSÃO, MONETIZAR MAIS 1",not_delivering,8,actions:offsite_conversion.fb_pixel_purchase,33926,1.073896,90.64,150,Diário,725.12,"Na média","Na média","Na média",36433,19.902835,292,2.483288,0.801471,483,1.325721,1.501284,,,,,,,50,,50,,,14.5024,8,,8,,,90.64,"[18/11/25] [LVC] [F] [AUTO] [VENDAS] [ADV+] [VSL B] [R$ 197,00] [1]",120237047550310163,"00 -  Advantage+ [VSL B] - AD07 [MDA] [VID] VENDA - 1 MISSÃO, MONETIZAR MAIS 1",120240193390410163
2026-02-16,2026-02-22,"AD191 [MDA] [VID] VENDA - SABE O QUE DA DINHEIRO V2",not_delivering,,,0,0,,50,Diário,0,–,–,–,0,0,,,,0,0,0,,,,,,,,,,,,,,,,,,,"[18/11/25] [LVC] [F] [AUTO] [VENDAS] [ADV+] [VSL B] [R$ 197,00] [1]",120237047550310163,"00 -  Advantage+ [VSL B] - AD191 [MDA] [VID] VENDA - SABE O QUE DA DINHEIRO V2",120240514019600163
2026-02-16,2026-02-22,"AD07 [MDA] [VID] VENDA - 1 MISSÃO, MONETIZAR MAIS 1",not_delivering,3,actions:offsite_conversion.fb_pixel_purchase,41964,1.071633,283.63333333,"Usando orçamento da campanha",0,850.9,"Na média","Na média","Na média",44970,18.921503,326,2.610123,0.724928,570,1.267512,1.492807,,,,,,,44,,44,,,19.338636,3,,3,,,283.633333,"[31/01/26] [LVC] [F] [AUTO] [VENDAS] [ADV+] [VSL B] [R$ 197,00] [5]",120240768872650163,"00 - Advantage - All ADS",120240768872710163
2026-02-16,2026-02-22,"AD04 [MDA] [VID] VENDA - PRA QUÊ EU VOU FAZER",not_delivering,,,0,0,,"Usando orçamento da campanha",0,0,–,–,–,0,0,,,,0,0,0,,,,,,,,,,,,,,,,,,,"[31/01/26] [LVC] [F] [AUTO] [VENDAS] [ADV+] [VSL B] [R$ 197,00] [5]",120240768872650163,"00 - Advantage - All ADS",120240768872710163
2026-02-16,2026-02-22,"AD149 [MDA] [VID] VENDA - CAIO EU LARGO MEU TRABALHO 02",not_delivering,4,actions:offsite_conversion.fb_pixel_purchase,14801,1.079589,81.4325,"Usando orçamento da campanha",0,325.73,"Na média","Na média","Na média",15979,20.38488,124,2.626855,0.776019,225,1.408098,1.447689,,,,,,,26,,26,,,12.528077,4,,4,,,81.4325,"[31/01/26] [LVC] [F] [AUTO] [VENDAS] [ADV+] [VSL B] [R$ 197,00] [5]",120240768872650163,"00 - Advantage - All ADS",120240768872710163
2026-02-16,2026-02-22,"AD154 [MDA] [VID] VENDA - CAIO EU LARGO MEU TRABALHO 06",not_delivering,,,918,1.013072,,"Usando orçamento da campanha",0,25.28,"Na média","Na média","Na média",930,27.182796,5,5.056,0.537634,16,1.72043,1.58,,,,,,,1,,1,,,25.28,,,,,,,"[31/01/26] [LVC] [F] [AUTO] [VENDAS] [ADV+] [VSL B] [R$ 197,00] [5]",120240768872650163,"00 - Advantage - All ADS",120240768872710163
2026-02-16,2026-02-22,"AD153 [MDA] [VID] VENDA - CAIO EU LARGO MEU TRABALHO V2",not_delivering,,,0,0,,"Usando orçamento da campanha",0,0,–,–,–,0,0,,,,0,0,0,,,,,,,,,,,,,,,,,,,"[31/01/26] [LVC] [F] [AUTO] [VENDAS] [ADV+] [VSL B] [R$ 197,00] [5]",120240768872650163,"00 - Advantage - All ADS",120240768872710163
2026-02-16,2026-02-22,"AD17 [MDA] [VID] VENDA - FAÇA DO YOUTUBE A SUA PROFISSÃO V5",not_delivering,,,21,1,,"Usando orçamento da campanha",0,1.19,–,–,–,21,56.666667,1,1.19,4.761905,4,19.047619,0.2975,,,,,,,1,,1,,,1.19,,,,,,,"[31/01/26] [LVC] [F] [AUTO] [VENDAS] [ADV+] [VSL B] [R$ 197,00] [5]",120240768872650163,"00 - Advantage - All ADS",120240768872710163
2026-02-16,2026-02-22,"AD06 [LVC] [VID] VENDA - SABE O QUE DA DINHEIRO HOJE",not_delivering,,,2,1,,"Usando orçamento da campanha",0,0.09,–,–,–,2,45,,,,0,0,0,,,,,,,,,,,,,,,,,,,"[31/01/26] [LVC] [F] [AUTO] [VENDAS] [ADV+] [VSL B] [R$ 197,00] [5]",120240768872650163,"00 - Advantage - All ADS",120240768872710163
2026-02-16,2026-02-22,"AD193 [MDA] [VID] VENDA - O YOUTUBE DEVERIA V2",not_delivering,,,0,0,,50,Diário,0,–,–,–,0,0,,,,0,0,0,,,,,,,,,,,,,,,,,,,"[13/12/25] [MDA] [F] [AUTO] [VENDAS] [ADV+] [VSL C] [R$ 197,00] [1]",120238621687030163,"00 - Advantage+ [VSL C] - AD193 [MDA] [VID] VENDA - O YOUTUBE DEVERIA V2",120240843377510163
2026-02-16,2026-02-22,"AD196 [MDA] [VID] VENDA - O QUE VOCÊ ESTÁ ESPERANDO",not_delivering,3,actions:offsite_conversion.fb_pixel_purchase,3625,1.491862,116.26666667,50,Diário,348.8,"Abaixo da média – 35% mais baixos dos anúncios","Na média","Na média",5408,64.497041,68,5.129412,1.257396,95,1.756657,3.671579,,,,,,,7,,7,,,49.828571,3,,3,,,116.266667,"[13/12/25] [MDA] [F] [AUTO] [VENDAS] [ADV+] [VSL C] [R$ 197,00] [1]",120238621687030163,"00 - Advantage+ [VSL C] - AD196 [MDA] [VID] VENDA - O QUE VOCÊ ESTÁ ESPERANDO",120240843591480163
2026-02-16,2026-02-22,"AD58 [MDA] [VID] VENDA - AQUI O MEU CANAL JÁ TINHA",not_delivering,,,305,1.052459,,150,Diário,8.03,–,–,–,321,25.015576,4,2.0075,1.246106,6,1.869159,1.338333,,,,,,,,,,,,,,,,,,,"[06/01/26] [LVC] [F] [AUTO] [VENDAS] [LKL PQ 365D] [VSL B] [R$ 197,00] [5]",120239726037500163,"00 - Lookalike 1% Pq 365d [VSL B] - 3",120241585189500163
2026-02-16,2026-02-22,"AD17 [MDA] [VID] VENDA - FAÇA DO YOUTUBE A SUA PROFISSÃO V5",not_delivering,,,187,1.048128,,150,Diário,10.38,–,–,–,196,52.959184,6,1.73,3.061224,7,3.571429,1.482857,,,,,,,,,,,,,,,,,,,"[06/01/26] [LVC] [F] [AUTO] [VENDAS] [LKL PQ 365D] [VSL B] [R$ 197,00] [5]",120239726037500163,"00 - Lookalike 1% Pq 365d [VSL B] - 3",120241585189500163
2026-02-16,2026-02-22,"AD44 [MDA] [VID] VENDA - EU ACABEI DE CRIAR UM NOVO V5",not_delivering,,,0,0,,80,Diário,0,–,–,–,0,0,,,,0,0,0,,,,,,,,,,,,,,,,,,,"[13/12/25] [MDA] [F] [AUTO] [VENDAS] [ADV+] [VSL C] [R$ 197,00] [1]",120238621687030163,"00 - Advantage+ [VSL C] - AD44 [MDA] [VID] VENDA - EU ACABEI DE CRIAR UM NOVO V5",120241703860660163
2026-02-16,2026-02-22,"AD45 [MDA] [VID] VENDA - EU ACABEI DE CRIAR UM NOVO V6",not_delivering,,,0,0,,180,Diário,0,–,–,–,0,0,,,,0,0,0,,,,,,,,,,,,,,,,,,,"[13/12/25] [MDA] [F] [AUTO] [VENDAS] [ADV+] [VSL C] [R$ 197,00] [1]",120238621687030163,"00 - Advantage+ [VSL C] - AD45 [MDA] [VID] VENDA - EU ACABEI DE CRIAR UM NOVO V6",120241703900450163
2026-02-16,2026-02-22,"AD165 [MDA] [VID] VENDA - REMARKETING 4",active,5,actions:offsite_conversion.fb_pixel_purchase,3696,1.929113,138.238,100,Diário,691.19,"Abaixo da média – 35% mais baixos dos anúncios","Na média","Na média",7130,96.941094,86,8.037093,1.206171,149,2.089762,4.638859,,,,,,,21,,21,,,32.91381,5,,5,,,138.238,"[13/12/25] [MDA] [Q] [AUTO] [VENDAS] [REMARKETING] [VSL C] [R$ 197,00] [1]",120238626928870163,"00 - Page View VSL C - 180D - AD165 [MDA] [VID] VENDA - REMARKETING 4",120238626928780163
2026-02-16,2026-02-22,"AD154 [MDA] [VID] VENDA - CAIO EU LARGO MEU TRABALHO 06",inactive,,,0,0,,150,Diário,0,–,–,–,0,0,,,,0,0,0,,,,,,,,,,,,,,,,,,,"[06/01/26] [LVC] [F] [AUTO] [VENDAS] [LKL PQ 365D] [VSL B] [R$ 197,00] [5]",120239726037500163,"00 - Lookalike 1% Pq 365d [VSL B] - 2",120240064195460163
2026-02-16,2026-02-22,"AD150 [MDA] [VID] VENDA - CAIO EU LARGO MEU TRABALHO 03",inactive,,,0,0,,150,Diário,0,–,–,–,0,0,,,,0,0,0,,,,,,,,,,,,,,,,,,,"[06/01/26] [LVC] [F] [AUTO] [VENDAS] [LKL PQ 365D] [VSL B] [R$ 197,00] [5]",120239726037500163,"00 - Lookalike 1% Pq 365d [VSL B] - 2",120240064195460163
2026-02-16,2026-02-22,"AD17 [MDA] [VID] VENDA - FAÇA DO YOUTUBE A SUA PROFISSÃO V5",not_delivering,,,0,0,,150,Diário,0,–,–,–,0,0,,,,0,0,0,,,,,,,,,,,,,,,,,,,"[06/01/26] [LVC] [F] [AUTO] [VENDAS] [LKL PQ 365D] [VSL B] [R$ 197,00] [5]",120239726037500163,"00 - Lookalike 1% Pq 365d [VSL B] - 2",120240064195460163
2026-02-16,2026-02-22,"AD58 [MDA] [VID] VENDA - AQUI O MEU CANAL JÁ TINHA",not_delivering,,,0,0,,150,Diário,0,–,–,–,0,0,,,,0,0,0,,,,,,,4,,4,,,0,,,,,,,"[06/01/26] [LVC] [F] [AUTO] [VENDAS] [LKL PQ 365D] [VSL B] [R$ 197,00] [5]",120239726037500163,"00 - Lookalike 1% Pq 365d [VSL B] - 2",120240064195460163
2026-02-16,2026-02-22,"AD155 [MDA] [VID] VENDA - CAIO EU LARGO MEU TRABALHO 07",inactive,,,0,0,,150,Diário,0,–,–,–,0,0,,,,0,0,0,,,,,,,,,,,,,,,,,,,"[06/01/26] [LVC] [F] [AUTO] [VENDAS] [LKL PQ 365D] [VSL B] [R$ 197,00] [5]",120239726037500163,"00 - Lookalike 1% Pq 365d [VSL B] - 2",120240064195460163
2026-02-16,2026-02-22,"AD06 [LVC] [VID] VENDA - SABE O QUE DA DINHEIRO HOJE",not_delivering,,,6156,1.417641,,150,Diário,416.17,"Abaixo da média – 35% mais baixos dos anúncios","Na média","Na média",8727,47.687636,140,2.972643,1.604217,217,2.486536,1.917834,,,,,,,9,,9,,,46.241111,,,,,,,"[18/11/25] [LVC] [F] [AUTO] [VENDAS] [ADV+] [VSL B] [R$ 197,00] [1]",120237047550310163,"00 -  Advantage+ [VSL B] - AD06 [LVC] [VID] VENDA - SABE O QUE DA DINHEIRO HOJE",120240072282190163
2026-02-16,2026-02-22,"AD187 [MDA] [VID] VENDA - OLHA QUANTO ESSE",not_delivering,,,0,0,,50,Diário,0,–,–,–,0,0,,,,0,0,0,,,,,,,,,,,,,,,,,,,"[18/11/25] [LVC] [F] [AUTO] [VENDAS] [ADV+] [VSL B] [R$ 197,00] [1]",120237047550310163,"00 -  Advantage+ [VSL B] - AD187 [MDA] [VID] VENDA - OLHA QUANTO ESSE",120240072324970163
2026-02-16,2026-02-22,"AD07 [MDA] [VID] VENDA - 1 MISSÃO, MONETIZAR MAIS 1",not_delivering,,,0,0,,50,Diário,0,–,–,–,0,0,,,,0,0,0,,,,,,,,,,,,,,,,,,,"[13/12/25] [MDA] [F] [AUTO] [VENDAS] [ADV+] [VSL C] [R$ 197,00] [1]",120238621687030163,"00 - Advantage+ [VSL C] - AD07 [MDA] [VID] VENDA - 1 MISSÃO, MONETIZAR MAIS 1",120240315682180163
2026-02-16,2026-02-22,"AD153 [MDA] [VID] VENDA - CAIO EU LARGO MEU TRABALHO V2",inactive,,,0,0,,"Usando orçamento da campanha",0,0,–,–,–,0,0,,,,0,0,0,,,,,,,,,,,,,,,,,,,"[31/01/26] [MDA] [F] [AUTO] [VENDAS] [ADV+] [VSL C] [R$ 197,00] [5]",120240768050490163,"00 - Advantage - All ADS",120240768050480163
2026-02-16,2026-02-22,"AD58 [MDA] [VID] VENDA - AQUI O MEU CANAL JÁ TINHA",not_delivering,,,176,1.096591,,"Usando orçamento da campanha",0,6.86,–,–,–,193,35.544041,7,0.98,3.626943,9,4.663212,0.762222,,,,,,,1,,1,,,6.86,,,,,,,"[31/01/26] [MDA] [F] [AUTO] [VENDAS] [ADV+] [VSL C] [R$ 197,00] [5]",120240768050490163,"00 - Advantage - All ADS",120240768050480163
2026-02-16,2026-02-22,"AD150 [MDA] [VID] VENDA - CAIO EU LARGO MEU TRABALHO 03",inactive,,,0,0,,"Usando orçamento da campanha",0,0,–,–,–,0,0,,,,0,0,0,,,,,,,,,,,,,,,,,,,"[31/01/26] [MDA] [F] [AUTO] [VENDAS] [ADV+] [VSL C] [R$ 197,00] [5]",120240768050490163,"00 - Advantage - All ADS",120240768050480163
2026-02-16,2026-02-22,"AD154 [MDA] [VID] VENDA - CAIO EU LARGO MEU TRABALHO 06",inactive,4,actions:offsite_conversion.fb_pixel_purchase,42303,1.085951,286.935,"Usando orçamento da campanha",0,1147.74,"Na média","Na média","Na média",45939,24.984001,280,4.099071,0.609504,505,1.099284,2.272752,,,,,,,31,,31,,,37.023871,4,,4,,,286.935,"[31/01/26] [MDA] [F] [AUTO] [VENDAS] [ADV+] [VSL C] [R$ 197,00] [5]",120240768050490163,"00 - Advantage - All ADS",120240768050480163
2026-02-16,2026-02-22,"AD178 [MDA] [VID] VENDA - ESSA É A ÚLTIMA CHANCE",not_delivering,,,99,1.111111,,"Usando orçamento da campanha",0,9.17,–,–,–,110,83.363636,,,,0,0,0,,,,,,,,,,,,,,,,,,,"[31/01/26] [MDA] [F] [AUTO] [VENDAS] [ADV+] [VSL C] [R$ 197,00] [5]",120240768050490163,"00 - Advantage - All ADS",120240768050480163
2026-02-16,2026-02-22,"AD06 [LVC] [VID] VENDA - SABE O QUE DA DINHEIRO HOJE",not_delivering,,,5,1,,"Usando orçamento da campanha",0,0.18,–,–,–,5,36,,,,0,0,0,,,,,,,,,,,,,,,,,,,"[06/02/26] [LVC] [F] [AUTO] [VENDAS] [ADV+] [VSL B] [R$ 197,00] [5]",120241047703720163,"00 - Advantage - All ADS",120241047703780163
2026-02-16,2026-02-22,"AD153 [MDA] [VID] VENDA - CAIO EU LARGO MEU TRABALHO V2",not_delivering,,,7572,1.049393,,"Usando orçamento da campanha",0,165.55,"Na média","Na média","Na média",7946,20.834382,67,2.470896,0.843192,121,1.522779,1.368182,,,,,,,9,,9,,,18.394444,,,,,,,"[06/02/26] [LVC] [F] [AUTO] [VENDAS] [ADV+] [VSL B] [R$ 197,00] [5]",120241047703720163,"00 - Advantage - All ADS",120241047703780163
2026-02-16,2026-02-22,"AD17 [MDA] [VID] VENDA - FAÇA DO YOUTUBE A SUA PROFISSÃO V5",not_delivering,,,1095,1.037443,,"Usando orçamento da campanha",0,67.73,"Na média","Na média","Na média",1136,59.621479,21,3.225238,1.848592,32,2.816901,2.116563,,,,,,,2,,2,,,33.865,,,,,,,"[06/02/26] [LVC] [F] [AUTO] [VENDAS] [ADV+] [VSL B] [R$ 197,00] [5]",120241047703720163,"00 - Advantage - All ADS",120241047703780163
2026-02-16,2026-02-22,"AD154 [MDA] [VID] VENDA - CAIO EU LARGO MEU TRABALHO 06",not_delivering,,,283,1.035336,,"Usando orçamento da campanha",0,7.97,–,–,–,293,27.201365,2,3.985,0.682594,6,2.047782,1.328333,,,,,,,1,,1,,,7.97,,,,,,,"[06/02/26] [LVC] [F] [AUTO] [VENDAS] [ADV+] [VSL B] [R$ 197,00] [5]",120241047703720163,"00 - Advantage - All ADS",120241047703780163
2026-02-16,2026-02-22,"AD149 [MDA] [VID] VENDA - CAIO EU LARGO MEU TRABALHO 02",not_delivering,3,actions:offsite_conversion.fb_pixel_purchase,34488,1.066719,285.69666667,"Usando orçamento da campanha",0,857.09,"Na média","Acima da média","Na média",36789,23.297453,463,1.851166,1.258528,883,2.400174,0.970657,,,,,,,85,,85,,,10.083412,3,,3,,,285.696667,"[06/02/26] [LVC] [F] [AUTO] [VENDAS] [ADV+] [VSL B] [R$ 197,00] [5]",120241047703720163,"00 - Advantage - All ADS",120241047703780163
2026-02-16,2026-02-22,"AD04 [MDA] [VID] VENDA - PRA QUÊ EU VOU FAZER",not_delivering,,,17,1,,"Usando orçamento da campanha",0,0.79,–,–,–,17,46.470588,1,0.79,5.882353,1,5.882353,0.79,,,,,,,2,,2,,,0.395,,,,,,,"[06/02/26] [LVC] [F] [AUTO] [VENDAS] [ADV+] [VSL B] [R$ 197,00] [5]",120241047703720163,"00 - Advantage - All ADS",120241047703780163
2026-02-16,2026-02-22,"AD07 [MDA] [VID] VENDA - 1 MISSÃO, MONETIZAR MAIS 1",inactive,,,0,0,,"Usando orçamento da campanha",0,0,–,–,–,0,0,,,,0,0,0,,,,,,,,,,,,,,,,,,,"[06/02/26] [LVC] [F] [AUTO] [VENDAS] [ADV+] [VSL B] [R$ 197,00] [5]",120241047703720163,"00 - Advantage - All ADS",120241047703780163
2026-02-16,2026-02-22,"AD57 [MDA] [VID] VENDA - VOCÊ QUER VER UMA COISA BIZARRA",not_delivering,2,actions:offsite_conversion.fb_pixel_purchase,12262,1.204616,161.545,80,Diário,323.09,–,–,–,14771,21.873265,119,2.715042,0.805633,187,1.265994,1.727754,,,,,,,21,,21,,,15.385238,2,,2,,,161.545,"[18/11/25] [LVC] [F] [AUTO] [VENDAS] [ADV+] [VSL B] [R$ 197,00] [1]",120237047550310163,"00 -  Advantage+ [VSL B] - AD57 [MDA] [VID] VENDA - VOCÊ QUER VER UMA COISA BIZARRA",120241193689570163
2026-02-16,2026-02-22,"AD154 [MDA] [VID] VENDA - CAIO EU LARGO MEU TRABALHO 06",not_delivering,,,1452,1.016529,,150,Diário,44.28,"Na média","Na média","Na média",1476,30,27,1.64,1.829268,37,2.506775,1.196757,,,,,,,4,,4,,,11.07,,,,,,,"[06/01/26] [LVC] [F] [AUTO] [VENDAS] [LKL PQ 365D] [VSL B] [R$ 197,00] [5]",120239726037500163,"00 - Lookalike 1% Pq 365d [VSL B] - 3",120241585189500163
2026-02-16,2026-02-22,"AD150 [MDA] [VID] VENDA - CAIO EU LARGO MEU TRABALHO 03",not_delivering,1,actions:offsite_conversion.fb_pixel_purchase,1058,1.036862,26.95,150,Diário,26.95,"Na média","Na média","Na média",1097,24.567001,13,2.073077,1.18505,24,2.187785,1.122917,,,,,,,5,,5,,,5.39,1,,1,,,26.95,"[06/01/26] [LVC] [F] [AUTO] [VENDAS] [LKL PQ 365D] [VSL B] [R$ 197,00] [5]",120239726037500163,"00 - Lookalike 1% Pq 365d [VSL B] - 3",120241585189500163
2026-02-16,2026-02-22,"AD155 [MDA] [VID] VENDA - CAIO EU LARGO MEU TRABALHO 07",not_delivering,2,actions:offsite_conversion.fb_pixel_purchase,1825,1.019726,22.16,150,Diário,44.32,"Na média","Na média","Na média",1861,23.815153,14,3.165714,0.752284,26,1.397098,1.704615,,,,,,,3,,3,,,14.773333,2,,2,,,22.16,"[06/01/26] [LVC] [F] [AUTO] [VENDAS] [LKL PQ 365D] [VSL B] [R$ 197,00] [5]",120239726037500163,"00 - Lookalike 1% Pq 365d [VSL B] - 3",120241585189500163
2026-02-16,2026-02-22,"AD154 [MDA] [VID] VENDA - CAIO EU LARGO MEU TRABALHO 06",not_delivering,5,actions:offsite_conversion.fb_pixel_purchase,27774,1.077303,98.852,100,Diário,494.26,"Na média","Na média","Na média",29921,16.518833,212,2.331415,0.708532,390,1.303432,1.267333,,,,,,,34,,34,,,14.537059,5,,5,,,98.852,"[18/11/25] [LVC] [F] [AUTO] [VENDAS] [ADV+] [VSL B] [R$ 197,00] [1]",120237047550310163,"00 -  Advantage+ [VSL B] - AD154 [MDA] [VID] VENDA - CAIO EU LARGO MEU TRABALHO 06",120238011615520163
2026-02-16,2026-02-22,"AD178 [MDA] [VID] VENDA - ESSA É A ÚLTIMA CHANCE",not_delivering,15,actions:offsite_conversion.fb_pixel_purchase,12139,1.892331,95.97133333,100,Diário,1439.57,"Abaixo da média – 35% mais baixos dos anúncios","Na média","Na média",22971,62.669017,317,4.54123,1.380001,472,2.054765,3.049936,,,,,,,46,,46,,,31.295,15,,15,,,95.971333,"[13/12/25] [MDA] [F] [AUTO] [VENDAS] [ADV+] [VSL C] [R$ 197,00] [1]",120238621687030163,"00 - Advantage+ [VSL C] - AD178 [MDA] [VID] VENDA - ESSA É A ÚLTIMA CHANCE",120238621687160163
2026-02-16,2026-02-22,"AD158 [MDA] [VID] VENDA - DA PRA GANHAR MUITA GRANA",not_delivering,,,0,0,,150,Diário,0,–,–,–,0,0,,,,0,0,0,,,,,,,,,,,,,,,,,,,"[13/12/25] [MDA] [F] [AUTO] [VENDAS] [ADV+] [VSL C] [R$ 197,00] [1]",120238621687030163,"00 - Advantage+ [VSL C] - AD158 [MDA] [VID] VENDA - DA PRA GANHAR MUITA GRANA",120238621687250163
2026-02-16,2026-02-22,"AD168 [MDA] [VID] VENDA - REMARKETING 7",not_delivering,4,actions:offsite_conversion.fb_pixel_purchase,5591,2.009301,262.4275,80,Diário,1049.71,"Abaixo da média – 35% mais baixos dos anúncios","Na média","Na média",11234,93.440449,176,5.964261,1.566673,246,2.189781,4.267114,,,,,,,33,,33,,,31.809394,4,,4,,,262.4275,"[13/12/25] [MDA] [Q] [AUTO] [VENDAS] [REMARKETING] [VSL A] [R$ 197,00] [1]",120238623515480163,"00 - Page View VSL A - 180D - AD168 [MDA] [VID] VENDA - REMARKETING 7",120238623515520163
2026-02-16,2026-02-22,"AD182 [MDA] [VID] VENDA - REMARKETING 11",active,8,actions:offsite_conversion.fb_pixel_purchase,3772,1.676299,88.32625,80,Diário,706.61,"Abaixo da média – 35% mais baixos dos anúncios","Na média","Na média",6323,111.752333,96,7.360521,1.518267,144,2.2774,4.907014,,,,,,,26,,26,,,27.177308,8,,8,,,88.32625,"[13/12/25] [MDA] [Q] [AUTO] [VENDAS] [REMARKETING] [VSL A] [R$ 197,00] [1]",120238623515480163,"00 - Page View VSL A - 180D - AD182 [MDA] [VID] VENDA - REMARKETING 11",120238625474290163
2026-02-16,2026-02-22,"AD162 [MDA] [VID] VENDA - REMARKETING 1",not_delivering,3,actions:offsite_conversion.fb_pixel_purchase,4030,1.912159,231.61333333,100,Diário,694.84,"Abaixo da média – 35% mais baixos dos anúncios","Na média","Na média",7706,90.1687,83,8.371566,1.077083,153,1.985466,4.541438,,,,,,,9,,9,,,77.204444,3,,3,,,231.613333,"[13/12/25] [MDA] [Q] [AUTO] [VENDAS] [REMARKETING] [VSL C] [R$ 197,00] [1]",120238626928870163,"00 - Page View VSL C - 180D - AD162 [MDA] [VID] VENDA - REMARKETING 1",120238626928850163
2026-02-16,2026-02-22,"AD154 [MDA] [VID] VENDA - CAIO EU LARGO MEU TRABALHO 06",not_delivering,,,0,0,,600,Diário,0,–,–,–,0,0,,,,0,0,0,,,,,,,,,,,,,,,,,,,"[22/12/25] [LVC] [F] [AUTO] [VENDAS] [MIX PÚBLICOS] [VSL B] [R$ 197,00] [4]",120239176137660163,"[00 - Lookalike 1% Pq 365d] [VSL B]",120239176137690163
2026-02-16,2026-02-22,"AD17 [MDA] [VID] VENDA - FAÇA DO YOUTUBE A SUA PROFISSÃO V5",not_delivering,,,0,0,,600,Diário,0,–,–,–,0,0,,,,0,0,0,,,,,,,,,,,,,,,,,,,"[22/12/25] [LVC] [F] [AUTO] [VENDAS] [MIX PÚBLICOS] [VSL B] [R$ 197,00] [4]",120239176137660163,"[00 - Lookalike 1% Pq 365d] [VSL B]",120239176137690163
2026-02-16,2026-02-22,"AD150 [MDA] [VID] VENDA - CAIO EU LARGO MEU TRABALHO 03",not_delivering,,,0,0,,600,Diário,0,–,–,–,0,0,,,,0,0,0,,,,,,,,,,,,,,,,,,,"[22/12/25] [LVC] [F] [AUTO] [VENDAS] [MIX PÚBLICOS] [VSL B] [R$ 197,00] [4]",120239176137660163,"[00 - Lookalike 1% Pq 365d] [VSL B]",120239176137690163
2026-02-16,2026-02-22,"AD155 [MDA] [VID] VENDA - CAIO EU LARGO MEU TRABALHO 07",not_delivering,,,0,0,,600,Diário,0,–,–,–,0,0,,,,0,0,0,,,,,,,,,,,,,,,,,,,"[22/12/25] [LVC] [F] [AUTO] [VENDAS] [MIX PÚBLICOS] [VSL B] [R$ 197,00] [4]",120239176137660163,"[00 - Lookalike 1% Pq 365d] [VSL B]",120239176137690163
2026-02-16,2026-02-22,"AD58 [MDA] [VID] VENDA - AQUI O MEU CANAL JÁ TINHA",not_delivering,,,0,0,,600,Diário,0,–,–,–,0,0,,,,0,0,0,,,,,,,,,,,,,,,,,,,"[22/12/25] [LVC] [F] [AUTO] [VENDAS] [MIX PÚBLICOS] [VSL B] [R$ 197,00] [4]",120239176137660163,"[00 - Lookalike 1% Pq 365d] [VSL B]",120239176137690163
2026-02-16,2026-02-22,"AD189 [MDA] [VID] VENDA - SE VOCÊ OLHAR NO MEU",not_delivering,,,0,0,,50,Diário,0,–,–,–,0,0,,,,0,0,0,,,,,,,,,,,,,,,,,,,"[18/11/25] [LVC] [F] [AUTO] [VENDAS] [ADV+] [VSL B] [R$ 197,00] [1]",120237047550310163,"00 -  Advantage+ [VSL B] - AD189 [MDA] [VID] VENDA - SE VOCÊ OLHAR NO MEU",120240072374180163
2026-02-16,2026-02-22,"AD106 [MDA] [VID] VENDA - VOU TE REVELAR O SEGREDO V12",not_delivering,,,0,0,,80,Diário,0,–,–,–,0,0,,,,0,0,0,,,,,,,,,,,,,,,,,,,"[18/11/25] [LVC] [F] [AUTO] [VENDAS] [ADV+] [VSL B] [R$ 197,00] [1]",120237047550310163,"00 -  Advantage+ [VSL B] - AD106 [MDA] [VID] VENDA - VOU TE REVELAR O SEGREDO V12",120240193809810163
2026-02-16,2026-02-22,"AD187 [MDA] [VID] VENDA - OLHA QUANTO ESSE",not_delivering,,,0,0,,50,Diário,0,–,–,–,0,0,,,,0,0,0,,,,,,,,,,,,,,,,,,,"[13/12/25] [MDA] [F] [AUTO] [VENDAS] [ADV+] [VSL C] [R$ 197,00] [1]",120238621687030163,"00 - Advantage+ [VSL C] - AD187 [MDA] [VID] VENDA - OLHA QUANTO ESSE",120240315682230163
2026-02-16,2026-02-22,"AD192 [MDA] [VID] VENDA - ESQUECE FACULDADE",not_delivering,,,0,0,,75,Diário,0,–,–,–,0,0,,,,0,0,0,,,,,,,,,,,,,,,,,,,"[18/11/25] [LVC] [F] [AUTO] [VENDAS] [ADV+] [VSL B] [R$ 197,00] [1]",120237047550310163,"00 -  Advantage+ [VSL B] - AD192 [MDA] [VID] VENDA - ESQUECE FACULDADE",120240514072650163
2026-02-16,2026-02-22,"AD189 [MDA] [VID] VENDA - SE VOCÊ OLHAR NO MEU",not_delivering,,,16,1.0625,,"Usando orçamento da campanha",0,1.11,–,–,–,17,65.294118,,,,0,0,0,,,,,,,,,,,,,,,,,,,"[31/01/26] [MDA] [F] [AUTO] [VENDAS] [ADV+] [VSL C] [R$ 197,00] [5]",120240768050490163,"00 - Advantage - All ADS",120240768050480163
2026-02-16,2026-02-22,"AD17 [MDA] [VID] VENDA - FAÇA DO YOUTUBE A SUA PROFISSÃO V5",not_delivering,6,actions:offsite_conversion.fb_pixel_purchase,11316,1.200866,96.06166667,"Usando orçamento da campanha",0,576.37,"Abaixo da média – 35% mais baixos dos anúncios","Na média","Na média",13589,42.414453,139,4.146547,1.022886,329,2.421076,1.751885,,,,,,,21,,21,,,27.44619,6,,6,,,96.061667,"[31/01/26] [MDA] [F] [AUTO] [VENDAS] [ADV+] [VSL C] [R$ 197,00] [5]",120240768050490163,"00 - Advantage - All ADS",120240768050480163
2026-02-16,2026-02-22,"AD58 [MDA] [VID] VENDA - AQUI O MEU CANAL JÁ TINHA",not_delivering,,,0,0,,"Usando orçamento da campanha",0,0,–,–,–,0,0,,,,0,0,0,,,,,,,,,,,,,,,,,,,"[06/02/26] [MDA] [F] [AUTO] [VENDAS] [ADV+] [VSL C] [R$ 197,00] [5]",120241048735070163,"00 - Advantage - All ADS",120241048735150163
2026-02-16,2026-02-22,"AD153 [MDA] [VID] VENDA - CAIO EU LARGO MEU TRABALHO V2",inactive,,,0,0,,"Usando orçamento da campanha",0,0,–,–,–,0,0,,,,0,0,0,,,,,,,,,,,,,,,,,,,"[06/02/26] [MDA] [F] [AUTO] [VENDAS] [ADV+] [VSL C] [R$ 197,00] [5]",120241048735070163,"00 - Advantage - All ADS",120241048735150163
2026-02-16,2026-02-22,"AD189 [MDA] [VID] VENDA - SE VOCÊ OLHAR NO MEU",not_delivering,,,0,0,,"Usando orçamento da campanha",0,0,–,–,–,0,0,,,,0,0,0,,,,,,,,,,,,,,,,,,,"[06/02/26] [MDA] [F] [AUTO] [VENDAS] [ADV+] [VSL C] [R$ 197,00] [5]",120241048735070163,"00 - Advantage - All ADS",120241048735150163
2026-02-16,2026-02-22,"AD17 [MDA] [VID] VENDA - FAÇA DO YOUTUBE A SUA PROFISSÃO V5",inactive,,,0,0,,"Usando orçamento da campanha",0,0,–,–,–,0,0,,,,0,0,0,,,,,,,,,,,,,,,,,,,"[06/02/26] [MDA] [F] [AUTO] [VENDAS] [ADV+] [VSL C] [R$ 197,00] [5]",120241048735070163,"00 - Advantage - All ADS",120241048735150163
2026-02-16,2026-02-22,"AD56 [MDA] [VID] VENDA - EU ESTAVA SEPARANDO PRINT",not_delivering,1,actions:offsite_conversion.fb_pixel_purchase,13953,1.478177,542.5,160,Diário,542.5,"Abaixo da média – 35% mais baixos dos anúncios","Acima da média","Na média",20625,26.30303,232,2.338362,1.124848,371,1.798788,1.462264,,,,,,,16,,16,,,33.90625,1,,1,,,542.5,"[18/11/25] [LVC] [F] [AUTO] [VENDAS] [ADV+] [VSL B] [R$ 197,00] [1]",120237047550310163,"00 -  Advantage+ [VSL B] - AD56 [MDA] [VID] VENDA - EU ESTAVA SEPARANDO PRINT",120241193653660163
2026-02-16,2026-02-22,"AD63 [MDA] [VID] VENDA - VOCÊ PODE ESTAR A 1 VÍDEO",not_delivering,2,actions:offsite_conversion.fb_pixel_purchase,5043,1.17331,146.46,80,Diário,292.92,–,–,–,5917,49.504817,105,2.789714,1.774548,166,2.805476,1.764578,,,,,,,17,,17,,,17.230588,2,,2,,,146.46,"[18/11/25] [LVC] [F] [AUTO] [VENDAS] [ADV+] [VSL B] [R$ 197,00] [1]",120237047550310163,"00 -  Advantage+ [VSL B] - AD63 [MDA] [VID] VENDA - VOCÊ PODE ESTAR A 1 VÍDEO",120241194068890163
2026-02-16,2026-02-22,"AD39 [MDA] [VID] VENDA - EU ACABEI DE CRIAR UM NOVO V2",not_delivering,,,0,0,,80,Diário,0,–,–,–,0,0,,,,0,0,0,,,,,,,,,,,,,,,,,,,"[13/12/25] [MDA] [F] [AUTO] [VENDAS] [ADV+] [VSL C] [R$ 197,00] [1]",120238621687030163,"00 - Advantage+ [VSL C] - AD39 [MDA] [VID] VENDA - EU ACABEI DE CRIAR UM NOVO V2",120241703773640163
2026-02-16,2026-02-22,"AD41 [MDA] [VID] VENDA - EU ACABEI DE CRIAR UM NOVO V3",not_delivering,,,0,0,,80,Diário,0,–,–,–,0,0,,,,0,0,0,,,,,,,,,,,,,,,,,,,"[13/12/25] [MDA] [F] [AUTO] [VENDAS] [ADV+] [VSL C] [R$ 197,00] [1]",120238621687030163,"00 - Advantage+ [VSL C] - AD41 [MDA] [VID] VENDA - EU ACABEI DE CRIAR UM NOVO V3",120241703789250163
2026-02-16,2026-02-22,"AD154 [MDA] [VID] VENDA - CAIO EU LARGO MEU TRABALHO 06",inactive,,,0,0,,"Usando orçamento da campanha",0,0,–,–,–,0,0,,,,0,0,0,,,,,,,,,,,,,,,,,,,"[06/02/26] [MDA] [F] [AUTO] [VENDAS] [ADV+] [VSL C] [R$ 197,00] [5]",120241048735070163,"00 - Advantage - All ADS",120241048735150163
2026-02-16,2026-02-22,"AD178 [MDA] [VID] VENDA - ESSA É A ÚLTIMA CHANCE",not_delivering,,,0,0,,"Usando orçamento da campanha",0,0,–,–,–,0,0,,,,0,0,0,,,,,,,,,,,,,,,,,,,"[06/02/26] [MDA] [F] [AUTO] [VENDAS] [ADV+] [VSL C] [R$ 197,00] [5]",120241048735070163,"00 - Advantage - All ADS",120241048735150163
2026-02-16,2026-02-22,"AD150 [MDA] [VID] VENDA - CAIO EU LARGO MEU TRABALHO 03",not_delivering,,,0,0,,"Usando orçamento da campanha",0,0,–,–,–,0,0,,,,0,0,0,,,,,,,,,,,,,,,,,,,"[06/02/26] [MDA] [F] [AUTO] [VENDAS] [ADV+] [VSL C] [R$ 197,00] [5]",120241048735070163,"00 - Advantage - All ADS",120241048735150163
